HPI,Fips,Year,Month
208.32,1,2000,1
210.09,1,2000,4
211.74,1,2000,7
214.42,1,2000,10
220.69,1,2001,1
221.59,1,2001,4
223.22,1,2001,7
225.73,1,2001,10
226.13,1,2002,1
227.34,1,2002,4
230.66,1,2002,7
233.36,1,2002,10
235.74,1,2003,1
237.83,1,2003,4
239.46,1,2003,7
241.04,1,2003,10
243.25,1,2004,1
244.81,1,2004,4
249.31,1,2004,7
253.05,1,2004,10
256.42,1,2005,1
262.46,1,2005,4
267.95,1,2005,7
273.43,1,2005,10
278.9,1,2006,1
283.52,1,2006,4
288.13,1,2006,7
293.58,1,2006,10
295.64,1,2007,1
299.71,1,2007,4
300.34,1,2007,7
302.7,1,2007,10
304.61,1,2008,1
303.4,1,2008,4
301.09,1,2008,7
302.69,1,2008,10
304.85,1,2009,1
301.55,1,2009,4
294.36,1,2009,7
293.44,1,2009,10
289.29,1,2010,1
284.97,1,2010,4
288.75,1,2010,7
286.38,1,2010,10
278.88,1,2011,1
275.09,1,2011,4
277.41,1,2011,7
279.46,1,2011,10
276.5,1,2012,1
274.81,1,2012,4
276.62,1,2012,7
277.07,1,2012,10
274.35,1,2013,1
274.87,1,2013,4
274.4,1,2013,7
273.25,1,2013,10
275.29,1,2014,1
276.01,1,2014,4
279.05,1,2014,7
280.33,1,2014,10
283.36,1,2015,1
284.41,1,2015,4
285.9,1,2015,7
288.06,1,2015,10
288.62,1,2016,1
292.52,1,2016,4
297.43,1,2016,7
296.56,1,2016,10
298.2,1,2017,1
301.83,1,2017,4
304.79,1,2017,7
306.8,1,2017,10
310.4,1,2018,1
315.08,1,2018,4
317.94,1,2018,7
318.77,1,2018,10
324.76,1,2019,1
329.29,1,2019,4
333.92,1,2019,7
337.94,1,2019,10
342.22,1,2020,1
346.81,1,2020,4
354.08,1,2020,7
360.92,1,2020,10
367.29,1,2021,1
383.58,1,2021,4
173.01,2,2000,1
175.2,2,2000,4
176.35,2,2000,7
176.8,2,2000,10
179.96,2,2001,1
183.7,2,2001,4
186.35,2,2001,7
186.62,2,2001,10
189.59,2,2002,1
194.99,2,2002,4
196.3,2,2002,7
195.84,2,2002,10
197.14,2,2003,1
200.24,2,2003,4
204.77,2,2003,7
212.82,2,2003,10
214.17,2,2004,1
219.33,2,2004,4
230.61,2,2004,7
233.02,2,2004,10
238.91,2,2005,1
247.86,2,2005,4
256.71,2,2005,7
264.46,2,2005,10
268.78,2,2006,1
275.31,2,2006,4
280.54,2,2006,7
282.2,2,2006,10
286.12,2,2007,1
288.95,2,2007,4
287.93,2,2007,7
287.27,2,2007,10
287.16,2,2008,1
287.58,2,2008,4
283.98,2,2008,7
286.68,2,2008,10
287.25,2,2009,1
284.48,2,2009,4
283.26,2,2009,7
284.79,2,2009,10
280.46,2,2010,1
282.95,2,2010,4
284.44,2,2010,7
285.27,2,2010,10
285.12,2,2011,1
284.71,2,2011,4
285.29,2,2011,7
287.51,2,2011,10
285.34,2,2012,1
284.71,2,2012,4
287.67,2,2012,7
289.84,2,2012,10
293.15,2,2013,1
293.88,2,2013,4
297.1,2,2013,7
298.19,2,2013,10
295.48,2,2014,1
301.53,2,2014,4
305.21,2,2014,7
304.57,2,2014,10
307.36,2,2015,1
310.38,2,2015,4
313.97,2,2015,7
315.0,2,2015,10
315.89,2,2016,1
317.88,2,2016,4
319.88,2,2016,7
317.99,2,2016,10
319.44,2,2017,1
319.95,2,2017,4
323.34,2,2017,7
324.51,2,2017,10
322.32,2,2018,1
326.57,2,2018,4
326.27,2,2018,7
326.35,2,2018,10
328.56,2,2019,1
333.38,2,2019,4
335.87,2,2019,7
335.41,2,2019,10
338.77,2,2020,1
342.47,2,2020,4
346.35,2,2020,7
350.37,2,2020,10
352.78,2,2021,1
365.89,2,2021,4
200.71,4,2000,1
202.98,4,2000,4
205.67,4,2000,7
208.79,4,2000,10
213.46,4,2001,1
216.74,4,2001,4
219.88,4,2001,7
222.02,4,2001,10
225.03,4,2002,1
228.01,4,2002,4
231.91,4,2002,7
234.57,4,2002,10
237.38,4,2003,1
239.83,4,2003,4
243.54,4,2003,7
251.77,4,2003,10
256.14,4,2004,1
265.25,4,2004,4
280.85,4,2004,7
292.34,4,2004,10
310.01,4,2005,1
341.95,4,2005,4
371.02,4,2005,7
396.8,4,2005,10
411.6,4,2006,1
420.36,4,2006,4
423.96,4,2006,7
427.65,4,2006,10
425.9,4,2007,1
422.13,4,2007,4
412.84,4,2007,7
405.79,4,2007,10
392.43,4,2008,1
369.73,4,2008,4
342.74,4,2008,7
330.66,4,2008,10
329.58,4,2009,1
305.95,4,2009,4
290.21,4,2009,7
281.63,4,2009,10
273.63,4,2010,1
264.18,4,2010,4
263.67,4,2010,7
257.08,4,2010,10
242.66,4,2011,1
230.8,4,2011,4
232.75,4,2011,7
238.02,4,2011,10
236.87,4,2012,1
239.75,4,2012,4
249.49,4,2012,7
257.01,4,2012,10
263.37,4,2013,1
275.31,4,2013,4
283.68,4,2013,7
291.57,4,2013,10
297.18,4,2014,1
302.5,4,2014,4
305.55,4,2014,7
310.58,4,2014,10
313.03,4,2015,1
319.83,4,2015,4
326.55,4,2015,7
330.93,4,2015,10
334.87,4,2016,1
341.91,4,2016,4
347.59,4,2016,7
353.22,4,2016,10
358.4,4,2017,1
367.91,4,2017,4
375.72,4,2017,7
379.8,4,2017,10
387.99,4,2018,1
395.94,4,2018,4
405.21,4,2018,7
409.71,4,2018,10
415.0,4,2019,1
423.07,4,2019,4
429.47,4,2019,7
436.69,4,2019,10
445.49,4,2020,1
453.4,4,2020,4
464.45,4,2020,7
480.02,4,2020,10
500.26,4,2021,1
538.34,4,2021,4
179.88,5,2000,1
181.6,5,2000,4
182.7,5,2000,7
185.13,5,2000,10
189.74,5,2001,1
190.84,5,2001,4
192.87,5,2001,7
194.79,5,2001,10
195.53,5,2002,1
196.38,5,2002,4
199.61,5,2002,7
202.05,5,2002,10
203.58,5,2003,1
204.89,5,2003,4
207.41,5,2003,7
210.46,5,2003,10
213.09,5,2004,1
216.65,5,2004,4
220.3,5,2004,7
224.12,5,2004,10
227.35,5,2005,1
232.55,5,2005,4
237.68,5,2005,7
240.88,5,2005,10
244.52,5,2006,1
247.83,5,2006,4
250.53,5,2006,7
252.69,5,2006,10
255.04,5,2007,1
256.49,5,2007,4
256.15,5,2007,7
257.38,5,2007,10
257.15,5,2008,1
256.33,5,2008,4
253.36,5,2008,7
254.64,5,2008,10
256.86,5,2009,1
253.64,5,2009,4
249.56,5,2009,7
248.45,5,2009,10
245.17,5,2010,1
245.87,5,2010,4
246.77,5,2010,7
245.58,5,2010,10
241.57,5,2011,1
240.13,5,2011,4
242.15,5,2011,7
243.35,5,2011,10
242.82,5,2012,1
240.33,5,2012,4
243.7,5,2012,7
245.24,5,2012,10
246.07,5,2013,1
246.36,5,2013,4
247.02,5,2013,7
246.72,5,2013,10
247.94,5,2014,1
248.07,5,2014,4
250.03,5,2014,7
253.09,5,2014,10
253.07,5,2015,1
253.87,5,2015,4
257.76,5,2015,7
259.59,5,2015,10
258.11,5,2016,1
262.08,5,2016,4
264.79,5,2016,7
266.25,5,2016,10
269.01,5,2017,1
270.58,5,2017,4
274.11,5,2017,7
275.88,5,2017,10
278.96,5,2018,1
281.04,5,2018,4
283.64,5,2018,7
285.93,5,2018,10
288.0,5,2019,1
291.57,5,2019,4
294.85,5,2019,7
298.09,5,2019,10
299.58,5,2020,1
301.99,5,2020,4
306.88,5,2020,7
313.93,5,2020,10
318.99,5,2021,1
333.82,5,2021,4
261.18,6,2000,1
268.19,6,2000,4
277.19,6,2000,7
285.76,6,2000,10
296.79,6,2001,1
305.88,6,2001,4
312.31,6,2001,7
316.7,6,2001,10
325.16,6,2002,1
336.2,6,2002,4
348.85,6,2002,7
359.05,6,2002,10
367.34,6,2003,1
374.23,6,2003,4
386.91,6,2003,7
411.67,6,2003,10
424.93,6,2004,1
451.52,6,2004,4
497.43,6,2004,7
516.53,6,2004,10
539.06,6,2005,1
570.63,6,2005,4
599.06,6,2005,7
625.78,6,2005,10
638.73,6,2006,1
644.57,6,2006,4
646.73,6,2006,7
642.94,6,2006,10
634.19,6,2007,1
623.52,6,2007,4
600.23,6,2007,7
575.84,6,2007,10
543.62,6,2008,1
498.78,6,2008,4
461.03,6,2008,7
445.14,6,2008,10
441.1,6,2009,1
420.96,6,2009,4
411.7,6,2009,7
413.03,6,2009,10
409.99,6,2010,1
408.81,6,2010,4
411.01,6,2010,7
406.49,6,2010,10
392.03,6,2011,1
385.75,6,2011,4
387.31,6,2011,7
386.1,6,2011,10
381.79,6,2012,1
382.46,6,2012,4
391.3,6,2012,7
399.57,6,2012,10
408.07,6,2013,1
426.93,6,2013,4
448.37,6,2013,7
463.29,6,2013,10
472.96,6,2014,1
485.68,6,2014,4
495.85,6,2014,7
501.44,6,2014,10
506.56,6,2015,1
518.06,6,2015,4
531.36,6,2015,7
538.62,6,2015,10
545.65,6,2016,1
555.19,6,2016,4
567.25,6,2016,7
574.12,6,2016,10
580.62,6,2017,1
592.74,6,2017,4
604.41,6,2017,7
613.22,6,2017,10
623.75,6,2018,1
635.74,6,2018,4
643.76,6,2018,7
643.63,6,2018,10
647.55,6,2019,1
654.05,6,2019,4
660.81,6,2019,7
664.95,6,2019,10
670.96,6,2020,1
678.57,6,2020,4
686.25,6,2020,7
699.96,6,2020,10
718.19,6,2021,1
759.15,6,2021,4
259.63,8,2000,1
265.96,8,2000,4
272.98,8,2000,7
279.07,8,2000,10
286.92,8,2001,1
292.75,8,2001,4
298.15,8,2001,7
300.58,8,2001,10
304.1,8,2002,1
307.44,8,2002,4
311.81,8,2002,7
313.73,8,2002,10
314.62,8,2003,1
315.98,8,2003,4
317.38,8,2003,7
321.08,8,2003,10
323.44,8,2004,1
325.93,8,2004,4
330.51,8,2004,7
333.72,8,2004,10
337.2,8,2005,1
342.21,8,2005,4
347.53,8,2005,7
350.89,8,2005,10
351.92,8,2006,1
353.84,8,2006,4
355.4,8,2006,7
358.71,8,2006,10
359.66,8,2007,1
360.58,8,2007,4
358.29,8,2007,7
359.14,8,2007,10
361.04,8,2008,1
358.87,8,2008,4
351.92,8,2008,7
352.86,8,2008,10
359.33,8,2009,1
353.51,8,2009,4
345.11,8,2009,7
344.17,8,2009,10
340.36,8,2010,1
336.41,8,2010,4
340.65,8,2010,7
339.12,8,2010,10
330.67,8,2011,1
324.83,8,2011,4
328.13,8,2011,7
330.99,8,2011,10
329.26,8,2012,1
330.13,8,2012,4
335.59,8,2012,7
338.55,8,2012,10
342.7,8,2013,1
349.79,8,2013,4
358.44,8,2013,7
361.63,8,2013,10
366.77,8,2014,1
379.32,8,2014,4
387.72,8,2014,7
393.59,8,2014,10
400.9,8,2015,1
417.63,8,2015,4
432.75,8,2015,7
438.78,8,2015,10
446.56,8,2016,1
462.33,8,2016,4
474.83,8,2016,7
481.66,8,2016,10
490.17,8,2017,1
507.63,8,2017,4
515.35,8,2017,7
523.02,8,2017,10
536.72,8,2018,1
550.47,8,2018,4
558.69,8,2018,7
560.46,8,2018,10
568.32,8,2019,1
577.06,8,2019,4
582.26,8,2019,7
587.02,8,2019,10
593.18,8,2020,1
600.41,8,2020,4
609.9,8,2020,7
622.08,8,2020,10
637.77,8,2021,1
683.0,8,2021,4
261.69,9,2000,1
268.73,9,2000,4
274.56,9,2000,7
278.36,9,2000,10
285.2,9,2001,1
291.28,9,2001,4
298.47,9,2001,7
303.68,9,2001,10
310.2,9,2002,1
319.08,9,2002,4
327.75,9,2002,7
334.63,9,2002,10
338.87,9,2003,1
344.46,9,2003,4
352.65,9,2003,7
365.54,9,2003,10
371.93,9,2004,1
384.02,9,2004,4
403.53,9,2004,7
411.28,9,2004,10
421.74,9,2005,1
435.98,9,2005,4
447.97,9,2005,7
457.05,9,2005,10
463.01,9,2006,1
465.28,9,2006,4
465.84,9,2006,7
468.4,9,2006,10
471.48,9,2007,1
467.85,9,2007,4
464.03,9,2007,7
463.31,9,2007,10
462.8,9,2008,1
451.94,9,2008,4
437.99,9,2008,7
434.32,9,2008,10
437.82,9,2009,1
423.5,9,2009,4
412.86,9,2009,7
411.48,9,2009,10
406.64,9,2010,1
402.14,9,2010,4
406.71,9,2010,7
407.37,9,2010,10
396.83,9,2011,1
389.63,9,2011,4
390.74,9,2011,7
393.79,9,2011,10
387.28,9,2012,1
383.32,9,2012,4
384.38,9,2012,7
385.61,9,2012,10
383.82,9,2013,1
382.17,9,2013,4
381.66,9,2013,7
378.65,9,2013,10
377.6,9,2014,1
380.45,9,2014,4
383.13,9,2014,7
382.92,9,2014,10
387.52,9,2015,1
388.82,9,2015,4
386.71,9,2015,7
386.33,9,2015,10
386.29,9,2016,1
388.45,9,2016,4
391.61,9,2016,7
392.36,9,2016,10
386.74,9,2017,1
392.3,9,2017,4
394.76,9,2017,7
394.61,9,2017,10
393.03,9,2018,1
396.37,9,2018,4
399.78,9,2018,7
398.2,9,2018,10
400.05,9,2019,1
406.49,9,2019,4
411.07,9,2019,7
413.49,9,2019,10
415.26,9,2020,1
419.43,9,2020,4
428.51,9,2020,7
440.18,9,2020,10
451.11,9,2021,1
473.68,9,2021,4
234.58,11,2000,1
242.89,11,2000,4
250.69,11,2000,7
255.54,11,2000,10
266.13,11,2001,1
278.39,11,2001,4
289.8,11,2001,7
298.73,11,2001,10
308.2,11,2002,1
319.34,11,2002,4
334.16,11,2002,7
344.1,11,2002,10
351.81,11,2003,1
358.63,11,2003,4
370.01,11,2003,7
389.35,11,2003,10
404.85,11,2004,1
424.81,11,2004,4
454.39,11,2004,7
478.73,11,2004,10
500.43,11,2005,1
529.87,11,2005,4
561.22,11,2005,7
589.46,11,2005,10
598.52,11,2006,1
606.53,11,2006,4
612.45,11,2006,7
622.55,11,2006,10
628.27,11,2007,1
627.56,11,2007,4
629.15,11,2007,7
621.85,11,2007,10
609.53,11,2008,1
593.78,11,2008,4
579.8,11,2008,7
573.42,11,2008,10
575.72,11,2009,1
558.42,11,2009,4
553.31,11,2009,7
560.71,11,2009,10
554.98,11,2010,1
557.04,11,2010,4
565.89,11,2010,7
565.21,11,2010,10
557.62,11,2011,1
565.78,11,2011,4
567.87,11,2011,7
574.6,11,2011,10
578.42,11,2012,1
582.06,11,2012,4
591.44,11,2012,7
603.0,11,2012,10
612.93,11,2013,1
631.16,11,2013,4
652.39,11,2013,7
654.64,11,2013,10
669.74,11,2014,1
685.1,11,2014,4
692.93,11,2014,7
708.17,11,2014,10
714.67,11,2015,1
726.2,11,2015,4
743.67,11,2015,7
758.82,11,2015,10
763.87,11,2016,1
781.46,11,2016,4
786.08,11,2016,7
800.32,11,2016,10
798.79,11,2017,1
817.21,11,2017,4
829.55,11,2017,7
834.49,11,2017,10
847.01,11,2018,1
858.54,11,2018,4
862.93,11,2018,7
875.38,11,2018,10
880.12,11,2019,1
887.19,11,2019,4
900.92,11,2019,7
907.38,11,2019,10
913.29,11,2020,1
915.8,11,2020,4
926.67,11,2020,7
947.24,11,2020,10
954.97,11,2021,1
993.85,11,2021,4
261.52,10,2000,1
266.1,10,2000,4
271.27,10,2000,7
274.76,10,2000,10
280.68,10,2001,1
285.39,10,2001,4
291.0,10,2001,7
295.05,10,2001,10
300.08,10,2002,1
307.9,10,2002,4
315.7,10,2002,7
320.82,10,2002,10
325.49,10,2003,1
332.42,10,2003,4
340.05,10,2003,7
352.96,10,2003,10
364.11,10,2004,1
372.11,10,2004,4
394.42,10,2004,7
406.54,10,2004,10
418.01,10,2005,1
435.65,10,2005,4
455.07,10,2005,7
464.73,10,2005,10
474.14,10,2006,1
483.19,10,2006,4
487.81,10,2006,7
496.78,10,2006,10
497.09,10,2007,1
500.74,10,2007,4
495.7,10,2007,7
496.32,10,2007,10
493.02,10,2008,1
486.21,10,2008,4
475.08,10,2008,7
469.56,10,2008,10
472.09,10,2009,1
457.97,10,2009,4
446.97,10,2009,7
443.19,10,2009,10
440.07,10,2010,1
435.48,10,2010,4
435.29,10,2010,7
431.78,10,2010,10
421.03,10,2011,1
409.19,10,2011,4
405.27,10,2011,7
410.18,10,2011,10
407.11,10,2012,1
398.56,10,2012,4
401.63,10,2012,7
404.38,10,2012,10
404.43,10,2013,1
404.74,10,2013,4
406.49,10,2013,7
409.81,10,2013,10
408.19,10,2014,1
411.88,10,2014,4
417.1,10,2014,7
415.88,10,2014,10
422.28,10,2015,1
421.58,10,2015,4
425.23,10,2015,7
426.32,10,2015,10
428.24,10,2016,1
431.5,10,2016,4
436.94,10,2016,7
439.43,10,2016,10
439.17,10,2017,1
440.91,10,2017,4
442.2,10,2017,7
445.81,10,2017,10
452.97,10,2018,1
456.07,10,2018,4
457.89,10,2018,7
461.42,10,2018,10
465.27,10,2019,1
471.91,10,2019,4
477.52,10,2019,7
481.0,10,2019,10
486.69,10,2020,1
490.92,10,2020,4
501.29,10,2020,7
509.19,10,2020,10
523.62,10,2021,1
544.53,10,2021,4
200.84,12,2000,1
204.42,12,2000,4
208.71,12,2000,7
213.1,12,2000,10
219.23,12,2001,1
224.77,12,2001,4
229.92,12,2001,7
235.47,12,2001,10
240.17,12,2002,1
247.48,12,2002,4
254.48,12,2002,7
260.23,12,2002,10
265.79,12,2003,1
272.22,12,2003,4
278.75,12,2003,7
291.74,12,2003,10
300.6,12,2004,1
314.73,12,2004,4
334.43,12,2004,7
349.69,12,2004,10
368.41,12,2005,1
395.85,12,2005,4
423.32,12,2005,7
445.68,12,2005,10
463.03,12,2006,1
472.9,12,2006,4
476.36,12,2006,7
479.68,12,2006,10
476.67,12,2007,1
470.43,12,2007,4
453.64,12,2007,7
442.2,12,2007,10
424.5,12,2008,1
395.3,12,2008,4
363.2,12,2008,7
344.75,12,2008,10
350.63,12,2009,1
332.47,12,2009,4
313.35,12,2009,7
305.53,12,2009,10
299.68,12,2010,1
291.39,12,2010,4
294.82,12,2010,7
289.45,12,2010,10
275.7,12,2011,1
267.36,12,2011,4
270.21,12,2011,7
272.54,12,2011,10
267.12,12,2012,1
265.11,12,2012,4
271.58,12,2012,7
275.15,12,2012,10
279.03,12,2013,1
288.36,12,2013,4
295.79,12,2013,7
303.44,12,2013,10
308.04,12,2014,1
316.17,12,2014,4
323.01,12,2014,7
328.86,12,2014,10
336.26,12,2015,1
344.5,12,2015,4
353.0,12,2015,7
360.15,12,2015,10
366.67,12,2016,1
376.11,12,2016,4
386.55,12,2016,7
392.93,12,2016,10
400.41,12,2017,1
410.39,12,2017,4
417.5,12,2017,7
425.57,12,2017,10
434.09,12,2018,1
442.29,12,2018,4
449.37,12,2018,7
452.76,12,2018,10
460.07,12,2019,1
465.93,12,2019,4
473.66,12,2019,7
479.78,12,2019,10
486.85,12,2020,1
493.51,12,2020,4
502.18,12,2020,7
514.74,12,2020,10
529.88,12,2021,1
562.5,12,2021,4
229.94,13,2000,1
233.66,13,2000,4
237.48,13,2000,7
241.33,13,2000,10
248.13,13,2001,1
251.17,13,2001,4
254.39,13,2001,7
257.69,13,2001,10
259.9,13,2002,1
261.86,13,2002,4
266.16,13,2002,7
269.22,13,2002,10
271.3,13,2003,1
273.12,13,2003,4
274.81,13,2003,7
278.37,13,2003,10
282.2,13,2004,1
284.11,13,2004,4
287.99,13,2004,7
292.58,13,2004,10
296.4,13,2005,1
300.29,13,2005,4
305.3,13,2005,7
309.31,13,2005,10
312.52,13,2006,1
314.39,13,2006,4
316.91,13,2006,7
322.83,13,2006,10
325.48,13,2007,1
326.51,13,2007,4
324.48,13,2007,7
326.65,13,2007,10
327.0,13,2008,1
321.96,13,2008,4
313.19,13,2008,7
311.87,13,2008,10
318.62,13,2009,1
308.88,13,2009,4
296.2,13,2009,7
291.9,13,2009,10
286.36,13,2010,1
280.24,13,2010,4
283.02,13,2010,7
279.14,13,2010,10
268.9,13,2011,1
257.44,13,2011,4
258.95,13,2011,7
258.38,13,2011,10
251.77,13,2012,1
247.47,13,2012,4
250.5,13,2012,7
253.46,13,2012,10
253.81,13,2013,1
259.79,13,2013,4
263.41,13,2013,7
266.72,13,2013,10
270.86,13,2014,1
277.16,13,2014,4
282.29,13,2014,7
284.43,13,2014,10
288.54,13,2015,1
295.5,13,2015,4
299.58,13,2015,7
301.9,13,2015,10
304.8,13,2016,1
313.28,13,2016,4
318.92,13,2016,7
321.55,13,2016,10
324.04,13,2017,1
332.59,13,2017,4
338.06,13,2017,7
341.3,13,2017,10
349.58,13,2018,1
357.77,13,2018,4
363.34,13,2018,7
365.38,13,2018,10
370.97,13,2019,1
378.3,13,2019,4
383.65,13,2019,7
387.47,13,2019,10
393.29,13,2020,1
397.35,13,2020,4
405.26,13,2020,7
413.52,13,2020,10
424.21,13,2021,1
447.24,13,2021,4
231.31,15,2000,1
231.02,15,2000,4
234.0,15,2000,7
239.64,15,2000,10
247.36,15,2001,1
251.11,15,2001,4
255.42,15,2001,7
259.29,15,2001,10
263.38,15,2002,1
269.19,15,2002,4
277.53,15,2002,7
281.14,15,2002,10
289.15,15,2003,1
296.14,15,2003,4
304.6,15,2003,7
321.86,15,2003,10
336.94,15,2004,1
356.24,15,2004,4
390.42,15,2004,7
404.42,15,2004,10
423.76,15,2005,1
448.58,15,2005,4
476.72,15,2005,7
503.21,15,2005,10
521.79,15,2006,1
526.28,15,2006,4
536.17,15,2006,7
534.22,15,2006,10
541.38,15,2007,1
542.33,15,2007,4
539.67,15,2007,7
537.48,15,2007,10
532.33,15,2008,1
521.34,15,2008,4
506.05,15,2008,7
496.94,15,2008,10
493.88,15,2009,1
473.18,15,2009,4
459.7,15,2009,7
453.11,15,2009,10
452.77,15,2010,1
449.69,15,2010,4
452.44,15,2010,7
452.71,15,2010,10
443.31,15,2011,1
443.77,15,2011,4
446.87,15,2011,7
446.65,15,2011,10
448.38,15,2012,1
445.25,15,2012,4
453.53,15,2012,7
457.72,15,2012,10
461.04,15,2013,1
470.95,15,2013,4
480.02,15,2013,7
491.05,15,2013,10
495.07,15,2014,1
502.6,15,2014,4
512.4,15,2014,7
519.5,15,2014,10
531.53,15,2015,1
535.22,15,2015,4
543.03,15,2015,7
549.4,15,2015,10
564.76,15,2016,1
567.79,15,2016,4
578.42,15,2016,7
583.92,15,2016,10
585.04,15,2017,1
593.7,15,2017,4
602.19,15,2017,7
605.51,15,2017,10
612.37,15,2018,1
617.09,15,2018,4
622.85,15,2018,7
626.12,15,2018,10
633.09,15,2019,1
635.48,15,2019,4
641.46,15,2019,7
647.59,15,2019,10
646.88,15,2020,1
654.77,15,2020,4
647.75,15,2020,7
658.62,15,2020,10
667.27,15,2021,1
694.55,15,2021,4
199.84,16,2000,1
199.79,16,2000,4
201.43,16,2000,7
203.59,16,2000,10
208.9,16,2001,1
211.23,16,2001,4
212.38,16,2001,7
214.75,16,2001,10
215.23,16,2002,1
216.25,16,2002,4
219.56,16,2002,7
221.81,16,2002,10
223.83,16,2003,1
225.72,16,2003,4
227.57,16,2003,7
230.71,16,2003,10
233.42,16,2004,1
239.41,16,2004,4
247.62,16,2004,7
254.17,16,2004,10
260.19,16,2005,1
272.03,16,2005,4
288.21,16,2005,7
301.29,16,2005,10
312.03,16,2006,1
323.82,16,2006,4
332.68,16,2006,7
340.99,16,2006,10
345.85,16,2007,1
346.66,16,2007,4
347.23,16,2007,7
347.31,16,2007,10
348.73,16,2008,1
340.75,16,2008,4
330.95,16,2008,7
331.1,16,2008,10
332.01,16,2009,1
320.82,16,2009,4
306.9,16,2009,7
301.73,16,2009,10
291.94,16,2010,1
287.2,16,2010,4
285.98,16,2010,7
279.06,16,2010,10
264.1,16,2011,1
254.49,16,2011,4
259.2,16,2011,7
264.3,16,2011,10
261.83,16,2012,1
258.75,16,2012,4
264.49,16,2012,7
268.4,16,2012,10
270.97,16,2013,1
273.8,16,2013,4
282.36,16,2013,7
282.76,16,2013,10
287.3,16,2014,1
292.49,16,2014,4
296.78,16,2014,7
297.71,16,2014,10
303.48,16,2015,1
308.83,16,2015,4
315.2,16,2015,7
319.82,16,2015,10
324.17,16,2016,1
330.34,16,2016,4
341.38,16,2016,7
342.56,16,2016,10
349.28,16,2017,1
363.25,16,2017,4
371.05,16,2017,7
377.21,16,2017,10
389.17,16,2018,1
406.52,16,2018,4
417.83,16,2018,7
425.03,16,2018,10
433.57,16,2019,1
448.67,16,2019,4
458.6,16,2019,7
469.26,16,2019,10
479.99,16,2020,1
489.22,16,2020,4
506.7,16,2020,7
529.9,16,2020,10
557.65,16,2021,1
616.25,16,2021,4
241.69,17,2000,1
245.83,17,2000,4
249.87,17,2000,7
252.72,17,2000,10
256.03,17,2001,1
260.47,17,2001,4
265.3,17,2001,7
267.77,17,2001,10
272.39,17,2002,1
277.23,17,2002,4
280.79,17,2002,7
283.98,17,2002,10
286.96,17,2003,1
289.87,17,2003,4
293.97,17,2003,7
303.16,17,2003,10
306.42,17,2004,1
313.43,17,2004,4
323.77,17,2004,7
328.4,17,2004,10
335.14,17,2005,1
342.99,17,2005,4
350.18,17,2005,7
356.52,17,2005,10
361.22,17,2006,1
364.03,17,2006,4
366.79,17,2006,7
370.86,17,2006,10
373.11,17,2007,1
371.91,17,2007,4
368.9,17,2007,7
370.11,17,2007,10
368.54,17,2008,1
361.07,17,2008,4
348.95,17,2008,7
347.83,17,2008,10
346.37,17,2009,1
336.47,17,2009,4
325.85,17,2009,7
322.66,17,2009,10
317.4,17,2010,1
313.7,17,2010,4
316.97,17,2010,7
314.82,17,2010,10
304.08,17,2011,1
297.89,17,2011,4
300.07,17,2011,7
299.98,17,2011,10
296.19,17,2012,1
292.47,17,2012,4
295.77,17,2012,7
295.85,17,2012,10
294.0,17,2013,1
295.87,17,2013,4
296.52,17,2013,7
297.69,17,2013,10
298.54,17,2014,1
304.03,17,2014,4
308.24,17,2014,7
309.54,17,2014,10
312.77,17,2015,1
315.59,17,2015,4
316.72,17,2015,7
318.18,17,2015,10
319.7,17,2016,1
323.92,17,2016,4
328.47,17,2016,7
329.5,17,2016,10
328.4,17,2017,1
332.54,17,2017,4
336.58,17,2017,7
337.38,17,2017,10
339.1,17,2018,1
341.14,17,2018,4
342.42,17,2018,7
341.95,17,2018,10
344.97,17,2019,1
349.82,17,2019,4
353.17,17,2019,7
354.9,17,2019,10
356.44,17,2020,1
358.25,17,2020,4
362.13,17,2020,7
366.43,17,2020,10
370.25,17,2021,1
386.53,17,2021,4
206.03,18,2000,1
207.77,18,2000,4
210.6,18,2000,7
212.49,18,2000,10
216.99,18,2001,1
218.78,18,2001,4
220.29,18,2001,7
222.29,18,2001,10
223.94,18,2002,1
224.59,18,2002,4
227.03,18,2002,7
228.07,18,2002,10
229.89,18,2003,1
231.04,18,2003,4
232.65,18,2003,7
234.7,18,2003,10
236.01,18,2004,1
236.82,18,2004,4
239.48,18,2004,7
242.09,18,2004,10
243.72,18,2005,1
245.88,18,2005,4
249.54,18,2005,7
250.08,18,2005,10
250.12,18,2006,1
249.65,18,2006,4
251.06,18,2006,7
253.63,18,2006,10
254.42,18,2007,1
255.25,18,2007,4
254.18,18,2007,7
254.66,18,2007,10
256.6,18,2008,1
254.67,18,2008,4
250.77,18,2008,7
250.37,18,2008,10
254.22,18,2009,1
250.19,18,2009,4
245.78,18,2009,7
245.76,18,2009,10
242.35,18,2010,1
242.64,18,2010,4
245.79,18,2010,7
245.27,18,2010,10
239.9,18,2011,1
237.81,18,2011,4
240.64,18,2011,7
241.97,18,2011,10
239.71,18,2012,1
239.3,18,2012,4
241.4,18,2012,7
242.1,18,2012,10
242.11,18,2013,1
242.49,18,2013,4
243.31,18,2013,7
243.54,18,2013,10
243.27,18,2014,1
247.25,18,2014,4
249.71,18,2014,7
250.98,18,2014,10
253.73,18,2015,1
256.89,18,2015,4
257.91,18,2015,7
259.74,18,2015,10
259.9,18,2016,1
264.81,18,2016,4
268.73,18,2016,7
270.29,18,2016,10
270.86,18,2017,1
276.15,18,2017,4
280.91,18,2017,7
283.3,18,2017,10
287.82,18,2018,1
294.9,18,2018,4
298.32,18,2018,7
300.6,18,2018,10
304.72,18,2019,1
310.25,18,2019,4
314.89,18,2019,7
318.23,18,2019,10
321.69,18,2020,1
325.39,18,2020,4
332.64,18,2020,7
340.52,18,2020,10
346.75,18,2021,1
366.39,18,2021,4
186.04,19,2000,1
188.53,19,2000,4
191.02,19,2000,7
192.44,19,2000,10
196.53,19,2001,1
198.64,19,2001,4
200.0,19,2001,7
202.46,19,2001,10
204.23,19,2002,1
205.22,19,2002,4
207.8,19,2002,7
209.56,19,2002,10
210.89,19,2003,1
212.49,19,2003,4
215.12,19,2003,7
218.51,19,2003,10
220.12,19,2004,1
222.47,19,2004,4
225.62,19,2004,7
228.12,19,2004,10
230.69,19,2005,1
233.46,19,2005,4
237.2,19,2005,7
238.99,19,2005,10
239.01,19,2006,1
240.47,19,2006,4
241.89,19,2006,7
243.82,19,2006,10
244.7,19,2007,1
246.81,19,2007,4
246.71,19,2007,7
248.07,19,2007,10
249.46,19,2008,1
248.15,19,2008,4
246.15,19,2008,7
247.3,19,2008,10
249.67,19,2009,1
248.1,19,2009,4
246.66,19,2009,7
246.03,19,2009,10
244.15,19,2010,1
244.98,19,2010,4
247.28,19,2010,7
247.24,19,2010,10
244.95,19,2011,1
243.44,19,2011,4
245.79,19,2011,7
246.83,19,2011,10
246.78,19,2012,1
246.76,19,2012,4
248.64,19,2012,7
249.72,19,2012,10
250.12,19,2013,1
251.85,19,2013,4
252.78,19,2013,7
253.07,19,2013,10
252.81,19,2014,1
256.28,19,2014,4
258.93,19,2014,7
260.11,19,2014,10
261.18,19,2015,1
264.59,19,2015,4
267.16,19,2015,7
268.75,19,2015,10
270.36,19,2016,1
273.07,19,2016,4
277.12,19,2016,7
278.37,19,2016,10
280.37,19,2017,1
284.0,19,2017,4
287.64,19,2017,7
288.67,19,2017,10
290.0,19,2018,1
295.44,19,2018,4
297.82,19,2018,7
298.26,19,2018,10
300.1,19,2019,1
303.8,19,2019,4
306.78,19,2019,7
308.86,19,2019,10
310.86,19,2020,1
312.6,19,2020,4
315.57,19,2020,7
320.52,19,2020,10
323.02,19,2021,1
338.55,19,2021,4
179.07,20,2000,1
180.4,20,2000,4
182.99,20,2000,7
184.82,20,2000,10
188.46,20,2001,1
190.69,20,2001,4
192.84,20,2001,7
194.55,20,2001,10
197.14,20,2002,1
199.04,20,2002,4
201.01,20,2002,7
202.59,20,2002,10
204.16,20,2003,1
205.58,20,2003,4
207.09,20,2003,7
210.36,20,2003,10
212.37,20,2004,1
214.58,20,2004,4
216.78,20,2004,7
219.44,20,2004,10
221.6,20,2005,1
224.71,20,2005,4
227.39,20,2005,7
228.54,20,2005,10
229.62,20,2006,1
231.63,20,2006,4
233.59,20,2006,7
235.84,20,2006,10
237.22,20,2007,1
239.79,20,2007,4
239.13,20,2007,7
239.25,20,2007,10
240.94,20,2008,1
239.45,20,2008,4
236.53,20,2008,7
236.97,20,2008,10
239.78,20,2009,1
238.08,20,2009,4
236.36,20,2009,7
235.86,20,2009,10
234.11,20,2010,1
233.64,20,2010,4
236.26,20,2010,7
236.15,20,2010,10
232.34,20,2011,1
228.74,20,2011,4
231.44,20,2011,7
233.42,20,2011,10
231.65,20,2012,1
230.65,20,2012,4
232.83,20,2012,7
233.14,20,2012,10
234.01,20,2013,1
232.73,20,2013,4
235.34,20,2013,7
234.61,20,2013,10
235.46,20,2014,1
238.8,20,2014,4
242.45,20,2014,7
242.36,20,2014,10
244.32,20,2015,1
247.23,20,2015,4
250.29,20,2015,7
250.45,20,2015,10
252.42,20,2016,1
257.5,20,2016,4
261.44,20,2016,7
263.27,20,2016,10
262.95,20,2017,1
270.31,20,2017,4
272.86,20,2017,7
273.64,20,2017,10
277.84,20,2018,1
283.16,20,2018,4
284.19,20,2018,7
287.09,20,2018,10
288.71,20,2019,1
294.13,20,2019,4
297.96,20,2019,7
299.84,20,2019,10
303.55,20,2020,1
306.84,20,2020,4
313.12,20,2020,7
319.57,20,2020,10
324.87,20,2021,1
343.42,20,2021,4
218.76,21,2000,1
220.73,21,2000,4
222.58,21,2000,7
225.44,21,2000,10
229.79,21,2001,1
231.89,21,2001,4
233.78,21,2001,7
235.65,21,2001,10
237.49,21,2002,1
239.12,21,2002,4
241.67,21,2002,7
243.93,21,2002,10
245.95,21,2003,1
247.88,21,2003,4
249.99,21,2003,7
253.59,21,2003,10
256.67,21,2004,1
258.92,21,2004,4
262.05,21,2004,7
266.99,21,2004,10
268.8,21,2005,1
272.56,21,2005,4
277.04,21,2005,7
278.46,21,2005,10
281.13,21,2006,1
282.01,21,2006,4
283.18,21,2006,7
286.24,21,2006,10
288.78,21,2007,1
289.55,21,2007,4
289.07,21,2007,7
292.15,21,2007,10
293.5,21,2008,1
293.37,21,2008,4
288.89,21,2008,7
290.69,21,2008,10
293.19,21,2009,1
290.34,21,2009,4
286.95,21,2009,7
286.87,21,2009,10
284.96,21,2010,1
283.72,21,2010,4
287.76,21,2010,7
287.36,21,2010,10
283.22,21,2011,1
280.43,21,2011,4
282.7,21,2011,7
283.72,21,2011,10
283.46,21,2012,1
282.41,21,2012,4
284.63,21,2012,7
285.75,21,2012,10
285.68,21,2013,1
286.49,21,2013,4
285.99,21,2013,7
284.87,21,2013,10
285.09,21,2014,1
289.51,21,2014,4
290.85,21,2014,7
293.02,21,2014,10
295.68,21,2015,1
299.32,21,2015,4
301.15,21,2015,7
303.36,21,2015,10
305.34,21,2016,1
310.53,21,2016,4
314.01,21,2016,7
315.88,21,2016,10
318.71,21,2017,1
325.2,21,2017,4
329.93,21,2017,7
330.47,21,2017,10
335.39,21,2018,1
339.42,21,2018,4
342.44,21,2018,7
344.01,21,2018,10
347.46,21,2019,1
352.95,21,2019,4
358.29,21,2019,7
360.75,21,2019,10
364.21,21,2020,1
368.41,21,2020,4
375.46,21,2020,7
382.75,21,2020,10
389.25,21,2021,1
407.47,21,2021,4
160.08,22,2000,1
160.69,22,2000,4
162.59,22,2000,7
163.97,22,2000,10
168.23,22,2001,1
169.94,22,2001,4
171.52,22,2001,7
173.15,22,2001,10
174.12,22,2002,1
175.52,22,2002,4
178.57,22,2002,7
181.22,22,2002,10
183.19,22,2003,1
185.06,22,2003,4
186.76,22,2003,7
189.9,22,2003,10
192.02,22,2004,1
194.98,22,2004,4
198.24,22,2004,7
200.95,22,2004,10
203.14,22,2005,1
207.37,22,2005,4
211.35,22,2005,7
218.45,22,2005,10
225.02,22,2006,1
230.95,22,2006,4
235.75,22,2006,7
239.55,22,2006,10
242.15,22,2007,1
244.57,22,2007,4
245.74,22,2007,7
246.71,22,2007,10
247.31,22,2008,1
246.95,22,2008,4
243.87,22,2008,7
244.61,22,2008,10
247.88,22,2009,1
246.07,22,2009,4
242.64,22,2009,7
242.99,22,2009,10
240.87,22,2010,1
239.58,22,2010,4
242.59,22,2010,7
242.05,22,2010,10
238.47,22,2011,1
237.46,22,2011,4
237.72,22,2011,7
240.69,22,2011,10
239.46,22,2012,1
240.0,22,2012,4
243.64,22,2012,7
243.65,22,2012,10
243.24,22,2013,1
244.7,22,2013,4
246.44,22,2013,7
245.93,22,2013,10
246.87,22,2014,1
249.35,22,2014,4
253.06,22,2014,7
253.82,22,2014,10
257.25,22,2015,1
259.38,22,2015,4
262.35,22,2015,7
262.62,22,2015,10
265.35,22,2016,1
268.99,22,2016,4
271.29,22,2016,7
272.87,22,2016,10
271.31,22,2017,1
275.31,22,2017,4
278.78,22,2017,7
279.87,22,2017,10
280.05,22,2018,1
280.55,22,2018,4
282.39,22,2018,7
282.66,22,2018,10
285.86,22,2019,1
288.51,22,2019,4
290.74,22,2019,7
293.04,22,2019,10
296.01,22,2020,1
298.52,22,2020,4
301.31,22,2020,7
305.03,22,2020,10
308.28,22,2021,1
316.3,22,2021,4
277.18,23,2000,1
284.93,23,2000,4
291.29,23,2000,7
297.16,23,2000,10
305.61,23,2001,1
311.43,23,2001,4
320.72,23,2001,7
325.7,23,2001,10
332.91,23,2002,1
343.36,23,2002,4
353.1,23,2002,7
359.55,23,2002,10
366.24,23,2003,1
371.49,23,2003,4
382.27,23,2003,7
396.6,23,2003,10
405.49,23,2004,1
417.29,23,2004,4
437.17,23,2004,7
446.29,23,2004,10
459.38,23,2005,1
469.56,23,2005,4
481.69,23,2005,7
489.4,23,2005,10
493.83,23,2006,1
491.0,23,2006,4
494.28,23,2006,7
501.7,23,2006,10
505.06,23,2007,1
501.72,23,2007,4
498.63,23,2007,7
504.55,23,2007,10
506.87,23,2008,1
498.92,23,2008,4
487.28,23,2008,7
484.05,23,2008,10
488.4,23,2009,1
477.49,23,2009,4
466.61,23,2009,7
461.49,23,2009,10
458.4,23,2010,1
452.81,23,2010,4
458.31,23,2010,7
459.13,23,2010,10
451.47,23,2011,1
444.09,23,2011,4
447.73,23,2011,7
450.67,23,2011,10
445.48,23,2012,1
441.25,23,2012,4
442.17,23,2012,7
442.84,23,2012,10
445.85,23,2013,1
447.93,23,2013,4
444.76,23,2013,7
442.76,23,2013,10
444.82,23,2014,1
448.94,23,2014,4
456.77,23,2014,7
454.75,23,2014,10
460.74,23,2015,1
463.8,23,2015,4
466.52,23,2015,7
469.13,23,2015,10
473.49,23,2016,1
477.77,23,2016,4
488.19,23,2016,7
492.0,23,2016,10
495.56,23,2017,1
500.74,23,2017,4
510.45,23,2017,7
516.09,23,2017,10
521.62,23,2018,1
531.28,23,2018,4
537.95,23,2018,7
541.07,23,2018,10
544.85,23,2019,1
558.22,23,2019,4
565.32,23,2019,7
573.1,23,2019,10
579.63,23,2020,1
587.38,23,2020,4
600.89,23,2020,7
622.07,23,2020,10
640.17,23,2021,1
677.1,23,2021,4
238.25,24,2000,1
240.81,24,2000,4
245.25,24,2000,7
249.06,24,2000,10
254.79,24,2001,1
259.78,24,2001,4
266.65,24,2001,7
270.96,24,2001,10
277.73,24,2002,1
286.86,24,2002,4
295.78,24,2002,7
301.82,24,2002,10
307.6,24,2003,1
314.25,24,2003,4
323.81,24,2003,7
341.35,24,2003,10
350.84,24,2004,1
367.3,24,2004,4
394.3,24,2004,7
407.82,24,2004,10
425.99,24,2005,1
451.78,24,2005,4
475.21,24,2005,7
494.35,24,2005,10
507.94,24,2006,1
518.36,24,2006,4
525.35,24,2006,7
532.19,24,2006,10
533.88,24,2007,1
534.91,24,2007,4
527.15,24,2007,7
524.24,24,2007,10
516.21,24,2008,1
498.4,24,2008,4
478.17,24,2008,7
470.95,24,2008,10
466.36,24,2009,1
448.21,24,2009,4
437.05,24,2009,7
429.43,24,2009,10
426.17,24,2010,1
420.89,24,2010,4
426.33,24,2010,7
422.21,24,2010,10
409.53,24,2011,1
401.46,24,2011,4
407.51,24,2011,7
409.32,24,2011,10
403.46,24,2012,1
399.52,24,2012,4
404.95,24,2012,7
406.43,24,2012,10
406.49,24,2013,1
410.21,24,2013,4
412.02,24,2013,7
412.52,24,2013,10
413.77,24,2014,1
420.52,24,2014,4
423.17,24,2014,7
426.99,24,2014,10
429.32,24,2015,1
432.24,24,2015,4
432.37,24,2015,7
433.48,24,2015,10
437.3,24,2016,1
442.21,24,2016,4
447.73,24,2016,7
449.3,24,2016,10
447.31,24,2017,1
455.7,24,2017,4
459.39,24,2017,7
462.27,24,2017,10
464.89,24,2018,1
469.17,24,2018,4
470.02,24,2018,7
468.08,24,2018,10
473.21,24,2019,1
480.78,24,2019,4
485.97,24,2019,7
487.68,24,2019,10
492.66,24,2020,1
497.43,24,2020,4
503.74,24,2020,7
513.14,24,2020,10
523.75,24,2021,1
547.71,24,2021,4
403.87,25,2000,1
416.77,25,2000,4
432.05,25,2000,7
442.49,25,2000,10
454.39,25,2001,1
468.18,25,2001,4
483.83,25,2001,7
493.69,25,2001,10
508.07,25,2002,1
526.72,25,2002,4
542.17,25,2002,7
554.43,25,2002,10
565.39,25,2003,1
574.53,25,2003,4
585.34,25,2003,7
610.39,25,2003,10
620.66,25,2004,1
635.26,25,2004,4
665.88,25,2004,7
677.02,25,2004,10
691.57,25,2005,1
707.97,25,2005,4
719.17,25,2005,7
724.21,25,2005,10
724.79,25,2006,1
715.92,25,2006,4
710.57,25,2006,7
712.52,25,2006,10
707.11,25,2007,1
696.92,25,2007,4
683.37,25,2007,7
683.43,25,2007,10
679.98,25,2008,1
658.37,25,2008,4
642.06,25,2008,7
642.86,25,2008,10
643.18,25,2009,1
627.32,25,2009,4
616.53,25,2009,7
617.64,25,2009,10
613.93,25,2010,1
612.16,25,2010,4
615.76,25,2010,7
615.49,25,2010,10
606.57,25,2011,1
599.71,25,2011,4
602.87,25,2011,7
603.61,25,2011,10
599.84,25,2012,1
598.13,25,2012,4
602.13,25,2012,7
605.04,25,2012,10
606.92,25,2013,1
611.98,25,2013,4
619.44,25,2013,7
622.6,25,2013,10
626.7,25,2014,1
640.52,25,2014,4
647.89,25,2014,7
652.22,25,2014,10
657.93,25,2015,1
665.83,25,2015,4
676.82,25,2015,7
680.74,25,2015,10
688.28,25,2016,1
697.81,25,2016,4
710.12,25,2016,7
716.61,25,2016,10
720.8,25,2017,1
739.9,25,2017,4
750.43,25,2017,7
756.98,25,2017,10
765.37,25,2018,1
780.06,25,2018,4
789.45,25,2018,7
790.59,25,2018,10
800.08,25,2019,1
811.85,25,2019,4
821.26,25,2019,7
828.81,25,2019,10
837.22,25,2020,1
845.93,25,2020,4
860.81,25,2020,7
877.92,25,2020,10
895.47,25,2021,1
941.73,25,2021,4
253.1,26,2000,1
256.65,26,2000,4
261.2,26,2000,7
264.95,26,2000,10
269.1,26,2001,1
272.6,26,2001,4
276.21,26,2001,7
278.49,26,2001,10
281.94,26,2002,1
285.07,26,2002,4
287.69,26,2002,7
289.53,26,2002,10
291.73,26,2003,1
293.99,26,2003,4
296.6,26,2003,7
300.93,26,2003,10
302.94,26,2004,1
305.04,26,2004,4
309.22,26,2004,7
312.66,26,2004,10
315.27,26,2005,1
317.05,26,2005,4
319.65,26,2005,7
318.88,26,2005,10
317.55,26,2006,1
312.35,26,2006,4
309.96,26,2006,7
311.55,26,2006,10
309.06,26,2007,1
303.4,26,2007,4
293.79,26,2007,7
292.64,26,2007,10
291.83,26,2008,1
279.9,26,2008,4
268.59,26,2008,7
265.8,26,2008,10
271.33,26,2009,1
260.78,26,2009,4
248.94,26,2009,7
244.67,26,2009,10
239.86,26,2010,1
236.06,26,2010,4
240.16,26,2010,7
239.56,26,2010,10
229.79,26,2011,1
226.0,26,2011,4
230.59,26,2011,7
232.44,26,2011,10
227.88,26,2012,1
226.74,26,2012,4
231.31,26,2012,7
234.43,26,2012,10
237.07,26,2013,1
242.09,26,2013,4
247.78,26,2013,7
249.79,26,2013,10
252.21,26,2014,1
259.87,26,2014,4
265.67,26,2014,7
267.9,26,2014,10
269.08,26,2015,1
274.81,26,2015,4
279.74,26,2015,7
281.12,26,2015,10
283.2,26,2016,1
289.51,26,2016,4
294.96,26,2016,7
297.17,26,2016,10
301.07,26,2017,1
309.44,26,2017,4
315.65,26,2017,7
317.37,26,2017,10
321.42,26,2018,1
329.5,26,2018,4
334.57,26,2018,7
335.52,26,2018,10
339.89,26,2019,1
346.77,26,2019,4
350.86,26,2019,7
353.19,26,2019,10
356.56,26,2020,1
360.37,26,2020,4
368.32,26,2020,7
375.6,26,2020,10
382.9,26,2021,1
404.13,26,2021,4
225.31,27,2000,1
231.99,27,2000,4
237.75,27,2000,7
242.38,27,2000,10
248.76,27,2001,1
255.47,27,2001,4
263.21,27,2001,7
266.72,27,2001,10
272.27,27,2002,1
279.54,27,2002,4
285.61,27,2002,7
290.0,27,2002,10
294.0,27,2003,1
297.43,27,2003,4
304.37,27,2003,7
315.35,27,2003,10
319.13,27,2004,1
325.41,27,2004,4
336.4,27,2004,7
341.27,27,2004,10
347.93,27,2005,1
355.05,27,2005,4
361.53,27,2005,7
365.58,27,2005,10
367.39,27,2006,1
365.41,27,2006,4
365.7,27,2006,7
369.73,27,2006,10
371.64,27,2007,1
367.68,27,2007,4
359.91,27,2007,7
358.59,27,2007,10
360.16,27,2008,1
349.18,27,2008,4
338.69,27,2008,7
337.6,27,2008,10
343.57,27,2009,1
333.6,27,2009,4
320.16,27,2009,7
315.85,27,2009,10
311.07,27,2010,1
308.27,27,2010,4
315.19,27,2010,7
311.08,27,2010,10
298.18,27,2011,1
291.37,27,2011,4
295.18,27,2011,7
298.11,27,2011,10
292.6,27,2012,1
290.7,27,2012,4
295.31,27,2012,7
298.53,27,2012,10
299.78,27,2013,1
305.38,27,2013,4
311.84,27,2013,7
312.24,27,2013,10
314.09,27,2014,1
322.08,27,2014,4
325.2,27,2014,7
326.37,27,2014,10
327.14,27,2015,1
334.12,27,2015,4
339.22,27,2015,7
339.96,27,2015,10
341.95,27,2016,1
349.71,27,2016,4
354.99,27,2016,7
357.05,27,2016,10
360.65,27,2017,1
371.36,27,2017,4
376.52,27,2017,7
377.96,27,2017,10
383.32,27,2018,1
392.22,27,2018,4
396.98,27,2018,7
396.42,27,2018,10
400.84,27,2019,1
408.48,27,2019,4
413.23,27,2019,7
415.47,27,2019,10
419.33,27,2020,1
422.85,27,2020,4
431.88,27,2020,7
439.63,27,2020,10
445.86,27,2021,1
469.65,27,2021,4
180.87,28,2000,1
182.19,28,2000,4
184.95,28,2000,7
186.27,28,2000,10
191.01,28,2001,1
192.22,28,2001,4
194.07,28,2001,7
195.75,28,2001,10
196.42,28,2002,1
195.79,28,2002,4
199.37,28,2002,7
201.31,28,2002,10
202.57,28,2003,1
204.18,28,2003,4
205.26,28,2003,7
206.79,28,2003,10
208.88,28,2004,1
211.06,28,2004,4
213.91,28,2004,7
216.83,28,2004,10
218.11,28,2005,1
222.44,28,2005,4
227.03,28,2005,7
232.1,28,2005,10
235.96,28,2006,1
242.84,28,2006,4
247.57,28,2006,7
252.05,28,2006,10
255.87,28,2007,1
255.89,28,2007,4
255.9,28,2007,7
259.25,28,2007,10
259.61,28,2008,1
257.52,28,2008,4
252.82,28,2008,7
255.27,28,2008,10
256.18,28,2009,1
253.63,28,2009,4
248.87,28,2009,7
247.34,28,2009,10
244.74,28,2010,1
241.41,28,2010,4
244.28,28,2010,7
242.53,28,2010,10
237.43,28,2011,1
237.35,28,2011,4
239.71,28,2011,7
240.94,28,2011,10
238.62,28,2012,1
237.22,28,2012,4
239.61,28,2012,7
237.97,28,2012,10
238.21,28,2013,1
237.75,28,2013,4
238.4,28,2013,7
236.83,28,2013,10
239.0,28,2014,1
239.26,28,2014,4
241.67,28,2014,7
244.51,28,2014,10
246.44,28,2015,1
246.48,28,2015,4
249.62,28,2015,7
250.87,28,2015,10
252.16,28,2016,1
253.58,28,2016,4
254.57,28,2016,7
259.09,28,2016,10
258.78,28,2017,1
259.08,28,2017,4
261.96,28,2017,7
263.5,28,2017,10
265.86,28,2018,1
265.72,28,2018,4
267.22,28,2018,7
269.17,28,2018,10
272.35,28,2019,1
275.67,28,2019,4
279.35,28,2019,7
280.45,28,2019,10
285.28,28,2020,1
285.17,28,2020,4
289.54,28,2020,7
294.82,28,2020,10
298.27,28,2021,1
308.12,28,2021,4
207.93,29,2000,1
210.43,29,2000,4
213.84,29,2000,7
216.47,29,2000,10
220.1,29,2001,1
223.4,29,2001,4
226.67,29,2001,7
228.93,29,2001,10
232.64,29,2002,1
235.73,29,2002,4
238.65,29,2002,7
241.55,29,2002,10
243.65,29,2003,1
245.37,29,2003,4
248.42,29,2003,7
254.08,29,2003,10
257.11,29,2004,1
260.41,29,2004,4
266.49,29,2004,7
270.09,29,2004,10
274.63,29,2005,1
278.71,29,2005,4
283.66,29,2005,7
286.86,29,2005,10
289.59,29,2006,1
290.0,29,2006,4
292.72,29,2006,7
296.15,29,2006,10
297.59,29,2007,1
298.0,29,2007,4
296.35,29,2007,7
297.62,29,2007,10
298.0,29,2008,1
293.96,29,2008,4
289.11,29,2008,7
289.79,29,2008,10
292.13,29,2009,1
287.41,29,2009,4
280.69,29,2009,7
279.43,29,2009,10
277.32,29,2010,1
275.44,29,2010,4
278.36,29,2010,7
276.59,29,2010,10
269.57,29,2011,1
265.39,29,2011,4
269.16,29,2011,7
270.42,29,2011,10
268.07,29,2012,1
265.56,29,2012,4
268.47,29,2012,7
268.84,29,2012,10
267.7,29,2013,1
268.6,29,2013,4
269.02,29,2013,7
268.54,29,2013,10
269.08,29,2014,1
273.71,29,2014,4
276.1,29,2014,7
278.56,29,2014,10
280.77,29,2015,1
282.89,29,2015,4
285.72,29,2015,7
288.89,29,2015,10
291.46,29,2016,1
295.22,29,2016,4
299.82,29,2016,7
301.33,29,2016,10
302.65,29,2017,1
309.05,29,2017,4
312.86,29,2017,7
315.06,29,2017,10
319.78,29,2018,1
324.97,29,2018,4
328.19,29,2018,7
330.99,29,2018,10
333.61,29,2019,1
339.86,29,2019,4
343.76,29,2019,7
348.37,29,2019,10
352.03,29,2020,1
354.81,29,2020,4
361.14,29,2020,7
368.48,29,2020,10
374.89,29,2021,1
397.33,29,2021,4
210.33,30,2000,1
212.01,30,2000,4
215.33,30,2000,7
218.31,30,2000,10
222.59,30,2001,1
225.27,30,2001,4
227.42,30,2001,7
228.98,30,2001,10
233.96,30,2002,1
236.04,30,2002,4
240.54,30,2002,7
242.94,30,2002,10
245.45,30,2003,1
250.51,30,2003,4
256.17,30,2003,7
262.94,30,2003,10
267.37,30,2004,1
273.92,30,2004,4
283.51,30,2004,7
290.1,30,2004,10
297.33,30,2005,1
309.37,30,2005,4
318.35,30,2005,7
328.86,30,2005,10
335.6,30,2006,1
346.06,30,2006,4
354.81,30,2006,7
361.45,30,2006,10
368.16,30,2007,1
373.32,30,2007,4
376.84,30,2007,7
379.44,30,2007,10
383.13,30,2008,1
381.04,30,2008,4
375.04,30,2008,7
378.6,30,2008,10
380.27,30,2009,1
375.35,30,2009,4
366.32,30,2009,7
363.78,30,2009,10
357.03,30,2010,1
353.08,30,2010,4
357.86,30,2010,7
356.66,30,2010,10
345.74,30,2011,1
344.62,30,2011,4
346.03,30,2011,7
347.58,30,2011,10
349.4,30,2012,1
348.6,30,2012,4
352.23,30,2012,7
357.0,30,2012,10
360.04,30,2013,1
362.85,30,2013,4
367.66,30,2013,7
368.02,30,2013,10
372.48,30,2014,1
374.88,30,2014,4
383.15,30,2014,7
385.17,30,2014,10
387.98,30,2015,1
393.93,30,2015,4
397.41,30,2015,7
401.7,30,2015,10
404.98,30,2016,1
407.26,30,2016,4
414.4,30,2016,7
416.07,30,2016,10
422.6,30,2017,1
427.97,30,2017,4
436.58,30,2017,7
438.02,30,2017,10
444.81,30,2018,1
453.92,30,2018,4
458.2,30,2018,7
463.91,30,2018,10
466.07,30,2019,1
475.68,30,2019,4
483.04,30,2019,7
489.24,30,2019,10
496.58,30,2020,1
498.31,30,2020,4
511.42,30,2020,7
527.3,30,2020,10
544.03,30,2021,1
583.18,30,2021,4
198.46,31,2000,1
201.32,31,2000,4
203.12,31,2000,7
204.61,31,2000,10
207.26,31,2001,1
209.53,31,2001,4
211.32,31,2001,7
213.04,31,2001,10
214.73,31,2002,1
216.1,31,2002,4
218.14,31,2002,7
219.58,31,2002,10
220.75,31,2003,1
222.0,31,2003,4
224.4,31,2003,7
228.03,31,2003,10
229.18,31,2004,1
232.45,31,2004,4
237.12,31,2004,7
239.03,31,2004,10
240.71,31,2005,1
244.14,31,2005,4
247.67,31,2005,7
246.9,31,2005,10
246.91,31,2006,1
249.49,31,2006,4
250.51,31,2006,7
250.73,31,2006,10
251.68,31,2007,1
253.5,31,2007,4
252.43,31,2007,7
251.98,31,2007,10
253.92,31,2008,1
251.94,31,2008,4
249.69,31,2008,7
250.98,31,2008,10
252.99,31,2009,1
251.84,31,2009,4
249.42,31,2009,7
249.15,31,2009,10
246.92,31,2010,1
248.66,31,2010,4
250.93,31,2010,7
249.6,31,2010,10
247.4,31,2011,1
246.53,31,2011,4
249.0,31,2011,7
250.71,31,2011,10
250.33,31,2012,1
250.73,31,2012,4
251.8,31,2012,7
253.1,31,2012,10
254.54,31,2013,1
257.29,31,2013,4
258.74,31,2013,7
260.59,31,2013,10
260.36,31,2014,1
266.34,31,2014,4
268.88,31,2014,7
270.37,31,2014,10
272.23,31,2015,1
277.07,31,2015,4
281.73,31,2015,7
282.85,31,2015,10
282.82,31,2016,1
288.68,31,2016,4
293.84,31,2016,7
294.71,31,2016,10
298.43,31,2017,1
306.89,31,2017,4
310.56,31,2017,7
312.23,31,2017,10
315.57,31,2018,1
322.15,31,2018,4
327.03,31,2018,7
328.09,31,2018,10
332.13,31,2019,1
339.5,31,2019,4
342.27,31,2019,7
344.3,31,2019,10
348.37,31,2020,1
350.93,31,2020,4
356.01,31,2020,7
363.28,31,2020,10
368.9,31,2021,1
389.56,31,2021,4
191.77,32,2000,1
194.2,32,2000,4
195.97,32,2000,7
198.84,32,2000,10
203.25,32,2001,1
205.84,32,2001,4
209.68,32,2001,7
212.34,32,2001,10
215.4,32,2002,1
218.92,32,2002,4
223.68,32,2002,7
226.2,32,2002,10
230.27,32,2003,1
234.82,32,2003,4
241.56,32,2003,7
256.03,32,2003,10
269.54,32,2004,1
294.0,32,2004,4
331.59,32,2004,7
344.16,32,2004,10
358.03,32,2005,1
376.88,32,2005,4
390.22,32,2005,7
404.7,32,2005,10
413.88,32,2006,1
414.52,32,2006,4
415.88,32,2006,7
414.8,32,2006,10
412.16,32,2007,1
403.32,32,2007,4
389.88,32,2007,7
379.65,32,2007,10
358.72,32,2008,1
330.11,32,2008,4
296.93,32,2008,7
281.31,32,2008,10
279.49,32,2009,1
259.56,32,2009,4
241.68,32,2009,7
234.24,32,2009,10
225.4,32,2010,1
217.5,32,2010,4
218.88,32,2010,7
212.8,32,2010,10
201.34,32,2011,1
187.82,32,2011,4
186.71,32,2011,7
186.84,32,2011,10
184.99,32,2012,1
184.29,32,2012,4
188.88,32,2012,7
193.85,32,2012,10
200.21,32,2013,1
212.71,32,2013,4
226.3,32,2013,7
236.12,32,2013,10
241.94,32,2014,1
249.69,32,2014,4
258.94,32,2014,7
262.93,32,2014,10
267.97,32,2015,1
277.13,32,2015,4
284.98,32,2015,7
292.01,32,2015,10
295.11,32,2016,1
302.58,32,2016,4
311.67,32,2016,7
315.97,32,2016,10
319.91,32,2017,1
330.77,32,2017,4
341.2,32,2017,7
350.14,32,2017,10
361.0,32,2018,1
376.25,32,2018,4
387.23,32,2018,7
393.1,32,2018,10
395.83,32,2019,1
401.68,32,2019,4
405.22,32,2019,7
408.08,32,2019,10
412.73,32,2020,1
417.39,32,2020,4
424.15,32,2020,7
433.09,32,2020,10
447.58,32,2021,1
475.85,32,2021,4
252.34,33,2000,1
261.06,33,2000,4
270.72,33,2000,7
278.17,33,2000,10
284.44,33,2001,1
294.13,33,2001,4
304.48,33,2001,7
309.85,33,2001,10
318.36,33,2002,1
329.62,33,2002,4
339.85,33,2002,7
347.5,33,2002,10
352.9,33,2003,1
358.38,33,2003,4
367.69,33,2003,7
382.15,33,2003,10
387.83,33,2004,1
398.18,33,2004,4
415.84,33,2004,7
423.97,33,2004,10
435.18,33,2005,1
445.51,33,2005,4
456.2,33,2005,7
461.5,33,2005,10
464.93,33,2006,1
462.31,33,2006,4
460.42,33,2006,7
463.5,33,2006,10
462.12,33,2007,1
459.01,33,2007,4
451.62,33,2007,7
451.09,33,2007,10
451.37,33,2008,1
439.76,33,2008,4
424.53,33,2008,7
422.9,33,2008,10
424.31,33,2009,1
412.13,33,2009,4
398.94,33,2009,7
396.6,33,2009,10
392.83,33,2010,1
390.21,33,2010,4
394.54,33,2010,7
392.28,33,2010,10
383.41,33,2011,1
376.73,33,2011,4
378.97,33,2011,7
380.58,33,2011,10
375.22,33,2012,1
372.16,33,2012,4
374.09,33,2012,7
375.39,33,2012,10
374.25,33,2013,1
375.06,33,2013,4
379.3,33,2013,7
379.88,33,2013,10
383.49,33,2014,1
386.13,33,2014,4
392.3,33,2014,7
394.07,33,2014,10
397.39,33,2015,1
403.68,33,2015,4
408.98,33,2015,7
408.83,33,2015,10
412.64,33,2016,1
418.08,33,2016,4
425.51,33,2016,7
427.73,33,2016,10
430.83,33,2017,1
440.44,33,2017,4
448.19,33,2017,7
451.99,33,2017,10
458.55,33,2018,1
468.05,33,2018,4
474.67,33,2018,7
476.79,33,2018,10
481.31,33,2019,1
490.76,33,2019,4
497.68,33,2019,7
503.71,33,2019,10
509.8,33,2020,1
517.91,33,2020,4
529.66,33,2020,7
545.74,33,2020,10
560.29,33,2021,1
593.31,33,2021,4
279.5,34,2000,1
286.2,34,2000,4
294.64,34,2000,7
299.07,34,2000,10
305.86,34,2001,1
314.56,34,2001,4
323.68,34,2001,7
330.08,34,2001,10
339.63,34,2002,1
352.28,34,2002,4
364.02,34,2002,7
372.45,34,2002,10
379.31,34,2003,1
385.97,34,2003,4
397.71,34,2003,7
417.9,34,2003,10
426.52,34,2004,1
439.97,34,2004,4
469.56,34,2004,7
481.46,34,2004,10
495.84,34,2005,1
517.42,34,2005,4
537.19,34,2005,7
553.54,34,2005,10
564.14,34,2006,1
570.64,34,2006,4
574.08,34,2006,7
576.96,34,2006,10
577.73,34,2007,1
574.13,34,2007,4
567.16,34,2007,7
564.68,34,2007,10
560.99,34,2008,1
544.94,34,2008,4
529.33,34,2008,7
523.84,34,2008,10
522.37,34,2009,1
505.49,34,2009,4
492.66,34,2009,7
488.99,34,2009,10
486.23,34,2010,1
482.59,34,2010,4
485.83,34,2010,7
484.83,34,2010,10
473.37,34,2011,1
463.88,34,2011,4
462.45,34,2011,7
462.59,34,2011,10
456.29,34,2012,1
450.22,34,2012,4
452.65,34,2012,7
453.61,34,2012,10
453.53,34,2013,1
454.39,34,2013,4
454.99,34,2013,7
456.26,34,2013,10
458.77,34,2014,1
463.75,34,2014,4
468.08,34,2014,7
470.12,34,2014,10
473.99,34,2015,1
477.73,34,2015,4
478.86,34,2015,7
479.57,34,2015,10
482.77,34,2016,1
488.28,34,2016,4
492.93,34,2016,7
494.84,34,2016,10
490.56,34,2017,1
498.64,34,2017,4
504.92,34,2017,7
506.44,34,2017,10
510.1,34,2018,1
514.24,34,2018,4
518.08,34,2018,7
518.58,34,2018,10
523.08,34,2019,1
530.74,34,2019,4
538.7,34,2019,7
542.44,34,2019,10
546.98,34,2020,1
552.31,34,2020,4
561.92,34,2020,7
573.69,34,2020,10
586.93,34,2021,1
613.74,34,2021,4
198.73,35,2000,1
199.43,35,2000,4
200.66,35,2000,7
201.81,35,2000,10
206.63,35,2001,1
208.23,35,2001,4
209.52,35,2001,7
210.96,35,2001,10
212.13,35,2002,1
215.07,35,2002,4
218.31,35,2002,7
220.28,35,2002,10
222.98,35,2003,1
225.52,35,2003,4
228.22,35,2003,7
233.19,35,2003,10
235.72,35,2004,1
241.04,35,2004,4
247.08,35,2004,7
252.09,35,2004,10
257.31,35,2005,1
268.64,35,2005,4
278.93,35,2005,7
287.19,35,2005,10
295.65,35,2006,1
306.46,35,2006,4
313.99,35,2006,7
321.25,35,2006,10
326.26,35,2007,1
328.68,35,2007,4
329.52,35,2007,7
330.84,35,2007,10
331.98,35,2008,1
327.7,35,2008,4
319.93,35,2008,7
319.26,35,2008,10
321.91,35,2009,1
313.22,35,2009,4
307.07,35,2009,7
304.35,35,2009,10
303.76,35,2010,1
298.44,35,2010,4
300.28,35,2010,7
297.33,35,2010,10
289.61,35,2011,1
284.18,35,2011,4
285.19,35,2011,7
286.56,35,2011,10
281.53,35,2012,1
279.68,35,2012,4
281.52,35,2012,7
282.17,35,2012,10
283.42,35,2013,1
283.32,35,2013,4
283.01,35,2013,7
284.47,35,2013,10
282.96,35,2014,1
285.1,35,2014,4
287.54,35,2014,7
288.4,35,2014,10
289.74,35,2015,1
290.87,35,2015,4
293.89,35,2015,7
292.83,35,2015,10
294.96,35,2016,1
299.63,35,2016,4
301.56,35,2016,7
305.76,35,2016,10
304.48,35,2017,1
307.45,35,2017,4
313.42,35,2017,7
314.35,35,2017,10
315.78,35,2018,1
320.55,35,2018,4
324.01,35,2018,7
326.47,35,2018,10
328.48,35,2019,1
336.24,35,2019,4
342.32,35,2019,7
345.14,35,2019,10
350.18,35,2020,1
354.61,35,2020,4
361.76,35,2020,7
369.24,35,2020,10
379.31,35,2021,1
393.91,35,2021,4
335.7,36,2000,1
345.83,36,2000,4
355.9,36,2000,7
361.37,36,2000,10
369.53,36,2001,1
377.7,36,2001,4
388.09,36,2001,7
394.93,36,2001,10
404.59,36,2002,1
417.43,36,2002,4
430.09,36,2002,7
439.34,36,2002,10
449.17,36,2003,1
460.08,36,2003,4
467.14,36,2003,7
489.12,36,2003,10
499.35,36,2004,1
514.16,36,2004,4
539.17,36,2004,7
552.86,36,2004,10
567.44,36,2005,1
586.42,36,2005,4
605.6,36,2005,7
619.26,36,2005,10
630.29,36,2006,1
632.1,36,2006,4
631.51,36,2006,7
639.6,36,2006,10
642.77,36,2007,1
640.65,36,2007,4
631.45,36,2007,7
633.34,36,2007,10
636.78,36,2008,1
624.71,36,2008,4
608.44,36,2008,7
602.79,36,2008,10
609.96,36,2009,1
596.82,36,2009,4
582.55,36,2009,7
577.43,36,2009,10
573.62,36,2010,1
570.09,36,2010,4
578.16,36,2010,7
577.91,36,2010,10
569.2,36,2011,1
561.11,36,2011,4
558.69,36,2011,7
563.02,36,2011,10
558.68,36,2012,1
553.07,36,2012,4
554.94,36,2012,7
556.86,36,2012,10
557.49,36,2013,1
559.05,36,2013,4
561.88,36,2013,7
561.27,36,2013,10
561.64,36,2014,1
567.43,36,2014,4
575.91,36,2014,7
579.3,36,2014,10
584.57,36,2015,1
589.38,36,2015,4
594.68,36,2015,7
595.66,36,2015,10
598.47,36,2016,1
608.48,36,2016,4
616.71,36,2016,7
622.41,36,2016,10
624.27,36,2017,1
634.76,36,2017,4
647.56,36,2017,7
653.72,36,2017,10
660.69,36,2018,1
668.92,36,2018,4
679.91,36,2018,7
680.85,36,2018,10
686.14,36,2019,1
697.59,36,2019,4
707.48,36,2019,7
715.36,36,2019,10
722.27,36,2020,1
728.03,36,2020,4
740.15,36,2020,7
756.54,36,2020,10
773.63,36,2021,1
799.97,36,2021,4
232.88,37,2000,1
235.84,37,2000,4
238.86,37,2000,7
241.47,37,2000,10
246.72,37,2001,1
248.9,37,2001,4
250.86,37,2001,7
253.16,37,2001,10
254.69,37,2002,1
255.8,37,2002,4
259.32,37,2002,7
261.07,37,2002,10
263.22,37,2003,1
264.97,37,2003,4
266.3,37,2003,7
268.7,37,2003,10
271.72,37,2004,1
274.27,37,2004,4
277.11,37,2004,7
281.88,37,2004,10
286.33,37,2005,1
290.15,37,2005,4
296.74,37,2005,7
303.05,37,2005,10
308.0,37,2006,1
312.23,37,2006,4
317.49,37,2006,7
323.31,37,2006,10
328.43,37,2007,1
331.58,37,2007,4
332.9,37,2007,7
335.41,37,2007,10
338.22,37,2008,1
337.62,37,2008,4
333.6,37,2008,7
333.37,37,2008,10
337.16,37,2009,1
331.43,37,2009,4
323.68,37,2009,7
319.92,37,2009,10
314.5,37,2010,1
312.0,37,2010,4
314.06,37,2010,7
312.28,37,2010,10
305.31,37,2011,1
299.16,37,2011,4
300.65,37,2011,7
301.82,37,2011,10
297.61,37,2012,1
294.06,37,2012,4
297.07,37,2012,7
298.33,37,2012,10
297.73,37,2013,1
299.27,37,2013,4
300.0,37,2013,7
299.31,37,2013,10
300.94,37,2014,1
305.06,37,2014,4
308.05,37,2014,7
309.25,37,2014,10
314.21,37,2015,1
317.94,37,2015,4
320.69,37,2015,7
323.74,37,2015,10
327.5,37,2016,1
332.52,37,2016,4
339.08,37,2016,7
340.89,37,2016,10
342.77,37,2017,1
353.08,37,2017,4
357.72,37,2017,7
359.38,37,2017,10
365.88,37,2018,1
374.63,37,2018,4
379.41,37,2018,7
381.84,37,2018,10
387.82,37,2019,1
394.72,37,2019,4
399.19,37,2019,7
404.74,37,2019,10
410.44,37,2020,1
413.85,37,2020,4
421.71,37,2020,7
432.04,37,2020,10
441.19,37,2021,1
465.63,37,2021,4
159.13,38,2000,1
160.32,38,2000,4
161.89,38,2000,7
163.24,38,2000,10
167.43,38,2001,1
168.55,38,2001,4
169.9,38,2001,7
171.27,38,2001,10
173.26,38,2002,1
174.79,38,2002,4
178.72,38,2002,7
180.56,38,2002,10
181.75,38,2003,1
184.55,38,2003,4
187.18,38,2003,7
190.71,38,2003,10
192.96,38,2004,1
195.87,38,2004,4
202.03,38,2004,7
206.13,38,2004,10
207.29,38,2005,1
213.74,38,2005,4
218.64,38,2005,7
221.48,38,2005,10
222.41,38,2006,1
228.94,38,2006,4
231.73,38,2006,7
231.95,38,2006,10
236.98,38,2007,1
239.75,38,2007,4
241.49,38,2007,7
242.12,38,2007,10
246.34,38,2008,1
247.36,38,2008,4
247.44,38,2008,7
249.52,38,2008,10
251.19,38,2009,1
250.96,38,2009,4
250.68,38,2009,7
252.69,38,2009,10
252.77,38,2010,1
252.58,38,2010,4
254.81,38,2010,7
257.62,38,2010,10
259.0,38,2011,1
262.51,38,2011,4
265.59,38,2011,7
267.89,38,2011,10
270.14,38,2012,1
277.6,38,2012,4
282.15,38,2012,7
289.66,38,2012,10
294.34,38,2013,1
301.19,38,2013,4
312.13,38,2013,7
316.5,38,2013,10
319.6,38,2014,1
323.98,38,2014,4
331.92,38,2014,7
336.76,38,2014,10
340.14,38,2015,1
343.22,38,2015,4
349.89,38,2015,7
350.48,38,2015,10
350.63,38,2016,1
353.11,38,2016,4
357.26,38,2016,7
356.43,38,2016,10
358.82,38,2017,1
357.39,38,2017,4
361.49,38,2017,7
360.3,38,2017,10
361.84,38,2018,1
363.26,38,2018,4
362.7,38,2018,7
365.01,38,2018,10
367.5,38,2019,1
372.61,38,2019,4
375.15,38,2019,7
377.21,38,2019,10
378.07,38,2020,1
377.68,38,2020,4
383.38,38,2020,7
388.49,38,2020,10
388.46,38,2021,1
398.59,38,2021,4
216.12,39,2000,1
218.75,39,2000,4
221.39,39,2000,7
224.28,39,2000,10
228.53,39,2001,1
230.9,39,2001,4
233.07,39,2001,7
234.99,39,2001,10
236.96,39,2002,1
238.59,39,2002,4
240.96,39,2002,7
242.53,39,2002,10
244.31,39,2003,1
246.07,39,2003,4
248.1,39,2003,7
251.49,39,2003,10
253.05,39,2004,1
254.58,39,2004,4
257.51,39,2004,7
260.18,39,2004,10
262.51,39,2005,1
264.61,39,2005,4
267.14,39,2005,7
267.47,39,2005,10
267.52,39,2006,1
266.44,39,2006,4
265.83,39,2006,7
266.87,39,2006,10
266.99,39,2007,1
265.4,39,2007,4
262.47,39,2007,7
262.42,39,2007,10
263.63,39,2008,1
259.63,39,2008,4
253.19,39,2008,7
253.72,39,2008,10
258.31,39,2009,1
252.46,39,2009,4
247.42,39,2009,7
247.02,39,2009,10
244.24,39,2010,1
242.4,39,2010,4
245.67,39,2010,7
244.62,39,2010,10
237.18,39,2011,1
233.62,39,2011,4
236.56,39,2011,7
237.27,39,2011,10
234.44,39,2012,1
233.28,39,2012,4
235.51,39,2012,7
234.97,39,2012,10
233.92,39,2013,1
234.65,39,2013,4
235.84,39,2013,7
235.64,39,2013,10
236.08,39,2014,1
241.25,39,2014,4
243.91,39,2014,7
245.0,39,2014,10
246.43,39,2015,1
250.53,39,2015,4
253.12,39,2015,7
253.86,39,2015,10
255.06,39,2016,1
259.54,39,2016,4
264.9,39,2016,7
264.51,39,2016,10
265.99,39,2017,1
273.63,39,2017,4
277.29,39,2017,7
278.3,39,2017,10
282.09,39,2018,1
288.31,39,2018,4
292.64,39,2018,7
293.27,39,2018,10
296.54,39,2019,1
302.87,39,2019,4
307.34,39,2019,7
310.15,39,2019,10
314.72,39,2020,1
317.39,39,2020,4
325.25,39,2020,7
332.85,39,2020,10
338.47,39,2021,1
355.49,39,2021,4
143.61,40,2000,1
145.32,40,2000,4
147.67,40,2000,7
148.58,40,2000,10
152.06,40,2001,1
153.58,40,2001,4
155.23,40,2001,7
156.95,40,2001,10
157.77,40,2002,1
159.34,40,2002,4
161.53,40,2002,7
163.45,40,2002,10
164.45,40,2003,1
166.56,40,2003,4
167.71,40,2003,7
169.32,40,2003,10
171.32,40,2004,1
172.86,40,2004,4
174.14,40,2004,7
177.03,40,2004,10
178.28,40,2005,1
181.24,40,2005,4
184.66,40,2005,7
186.84,40,2005,10
188.18,40,2006,1
190.53,40,2006,4
191.96,40,2006,7
194.74,40,2006,10
197.21,40,2007,1
198.05,40,2007,4
200.71,40,2007,7
202.45,40,2007,10
203.52,40,2008,1
204.63,40,2008,4
202.98,40,2008,7
203.13,40,2008,10
206.46,40,2009,1
204.69,40,2009,4
203.44,40,2009,7
204.02,40,2009,10
202.47,40,2010,1
202.29,40,2010,4
204.28,40,2010,7
203.63,40,2010,10
199.44,40,2011,1
199.47,40,2011,4
199.01,40,2011,7
201.9,40,2011,10
202.02,40,2012,1
201.78,40,2012,4
203.35,40,2012,7
204.48,40,2012,10
204.54,40,2013,1
206.4,40,2013,4
207.51,40,2013,7
206.89,40,2013,10
209.36,40,2014,1
211.07,40,2014,4
214.02,40,2014,7
215.0,40,2014,10
216.88,40,2015,1
219.83,40,2015,4
222.31,40,2015,7
223.78,40,2015,10
223.67,40,2016,1
225.79,40,2016,4
228.43,40,2016,7
228.3,40,2016,10
231.14,40,2017,1
234.35,40,2017,4
235.41,40,2017,7
236.7,40,2017,10
237.52,40,2018,1
241.09,40,2018,4
242.28,40,2018,7
243.04,40,2018,10
246.47,40,2019,1
248.34,40,2019,4
252.84,40,2019,7
254.85,40,2019,10
258.12,40,2020,1
260.17,40,2020,4
264.21,40,2020,7
268.78,40,2020,10
273.91,40,2021,1
284.73,40,2021,4
247.71,41,2000,1
249.42,41,2000,4
251.77,41,2000,7
254.46,41,2000,10
261.39,41,2001,1
263.86,41,2001,4
266.24,41,2001,7
268.52,41,2001,10
271.96,41,2002,1
273.84,41,2002,4
278.54,41,2002,7
280.78,41,2002,10
283.71,41,2003,1
286.34,41,2003,4
290.37,41,2003,7
297.74,41,2003,10
301.52,41,2004,1
310.52,41,2004,4
324.31,41,2004,7
331.84,41,2004,10
341.85,41,2005,1
360.1,41,2005,4
380.13,41,2005,7
396.69,41,2005,10
411.0,41,2006,1
427.73,41,2006,4
438.89,41,2006,7
447.16,41,2006,10
452.28,41,2007,1
457.44,41,2007,4
455.14,41,2007,7
456.68,41,2007,10
454.12,41,2008,1
445.97,41,2008,4
431.44,41,2008,7
425.14,41,2008,10
422.6,41,2009,1
406.38,41,2009,4
392.23,41,2009,7
385.1,41,2009,10
378.25,41,2010,1
372.71,41,2010,4
372.92,41,2010,7
367.28,41,2010,10
351.99,41,2011,1
341.72,41,2011,4
344.83,41,2011,7
348.16,41,2011,10
342.08,41,2012,1
338.62,41,2012,4
345.81,41,2012,7
351.47,41,2012,10
354.25,41,2013,1
364.04,41,2013,4
374.34,41,2013,7
378.98,41,2013,10
384.56,41,2014,1
397.18,41,2014,4
403.99,41,2014,7
408.17,41,2014,10
414.69,41,2015,1
428.87,41,2015,4
442.43,41,2015,7
449.64,41,2015,10
459.26,41,2016,1
475.93,41,2016,4
490.28,41,2016,7
497.9,41,2016,10
503.69,41,2017,1
519.8,41,2017,4
528.88,41,2017,7
532.29,41,2017,10
540.05,41,2018,1
553.44,41,2018,4
559.49,41,2018,7
560.6,41,2018,10
567.19,41,2019,1
576.55,41,2019,4
583.28,41,2019,7
588.77,41,2019,10
594.5,41,2020,1
602.34,41,2020,4
612.6,41,2020,7
629.19,41,2020,10
649.3,41,2021,1
691.8,41,2021,4
234.51,42,2000,1
237.96,42,2000,4
240.45,42,2000,7
243.29,42,2000,10
249.56,42,2001,1
253.57,42,2001,4
256.97,42,2001,7
260.21,42,2001,10
264.23,42,2002,1
268.87,42,2002,4
274.39,42,2002,7
279.16,42,2002,10
282.35,42,2003,1
286.02,42,2003,4
291.95,42,2003,7
300.61,42,2003,10
305.85,42,2004,1
313.88,42,2004,4
326.9,42,2004,7
334.16,42,2004,10
341.2,42,2005,1
352.83,42,2005,4
364.41,42,2005,7
371.93,42,2005,10
378.68,42,2006,1
382.83,42,2006,4
387.19,42,2006,7
391.78,42,2006,10
395.24,42,2007,1
396.9,42,2007,4
395.09,42,2007,7
396.78,42,2007,10
399.58,42,2008,1
394.59,42,2008,4
387.83,42,2008,7
387.31,42,2008,10
391.2,42,2009,1
385.37,42,2009,4
378.04,42,2009,7
376.76,42,2009,10
374.25,42,2010,1
372.29,42,2010,4
376.73,42,2010,7
375.8,42,2010,10
369.98,42,2011,1
364.91,42,2011,4
365.4,42,2011,7
366.89,42,2011,10
363.79,42,2012,1
362.11,42,2012,4
364.03,42,2012,7
365.07,42,2012,10
365.3,42,2013,1
366.52,42,2013,4
368.2,42,2013,7
367.44,42,2013,10
367.53,42,2014,1
372.37,42,2014,4
374.95,42,2014,7
375.71,42,2014,10
379.7,42,2015,1
382.4,42,2015,4
383.94,42,2015,7
384.56,42,2015,10
386.43,42,2016,1
392.45,42,2016,4
396.56,42,2016,7
397.46,42,2016,10
398.47,42,2017,1
405.91,42,2017,4
411.06,42,2017,7
412.1,42,2017,10
416.99,42,2018,1
422.8,42,2018,4
426.81,42,2018,7
427.22,42,2018,10
431.87,42,2019,1
439.91,42,2019,4
445.73,42,2019,7
448.7,42,2019,10
454.37,42,2020,1
458.02,42,2020,4
468.23,42,2020,7
476.38,42,2020,10
486.86,42,2021,1
507.3,42,2021,4
279.1,44,2000,1
287.6,44,2000,4
296.68,44,2000,7
302.21,44,2000,10
308.27,44,2001,1
318.77,44,2001,4
331.1,44,2001,7
338.13,44,2001,10
351.14,44,2002,1
368.48,44,2002,4
382.44,44,2002,7
394.5,44,2002,10
406.12,44,2003,1
415.8,44,2003,4
433.12,44,2003,7
461.36,44,2003,10
472.35,44,2004,1
493.86,44,2004,4
528.62,44,2004,7
542.07,44,2004,10
553.17,44,2005,1
575.93,44,2005,4
588.76,44,2005,7
597.67,44,2005,10
603.29,44,2006,1
603.34,44,2006,4
601.65,44,2006,7
601.22,44,2006,10
601.25,44,2007,1
589.97,44,2007,4
578.86,44,2007,7
576.26,44,2007,10
570.02,44,2008,1
547.39,44,2008,4
522.31,44,2008,7
516.28,44,2008,10
519.44,44,2009,1
496.1,44,2009,4
483.59,44,2009,7
483.79,44,2009,10
476.0,44,2010,1
469.12,44,2010,4
476.49,44,2010,7
475.59,44,2010,10
463.77,44,2011,1
448.34,44,2011,4
449.31,44,2011,7
452.23,44,2011,10
445.4,44,2012,1
437.05,44,2012,4
439.15,44,2012,7
441.36,44,2012,10
439.15,44,2013,1
439.84,44,2013,4
440.57,44,2013,7
437.66,44,2013,10
440.16,44,2014,1
447.65,44,2014,4
455.59,44,2014,7
458.39,44,2014,10
462.6,44,2015,1
472.34,44,2015,4
474.19,44,2015,7
477.59,44,2015,10
478.45,44,2016,1
488.75,44,2016,4
497.49,44,2016,7
505.01,44,2016,10
508.23,44,2017,1
518.17,44,2017,4
528.32,44,2017,7
534.67,44,2017,10
545.07,44,2018,1
551.99,44,2018,4
559.76,44,2018,7
561.84,44,2018,10
566.62,44,2019,1
577.32,44,2019,4
584.12,44,2019,7
591.38,44,2019,10
596.47,44,2020,1
603.78,44,2020,4
617.08,44,2020,7
634.92,44,2020,10
650.7,44,2021,1
689.26,44,2021,4
231.89,45,2000,1
234.72,45,2000,4
237.52,45,2000,7
240.75,45,2000,10
247.03,45,2001,1
249.8,45,2001,4
251.68,45,2001,7
254.57,45,2001,10
256.08,45,2002,1
257.54,45,2002,4
261.58,45,2002,7
263.83,45,2002,10
265.29,45,2003,1
267.98,45,2003,4
269.58,45,2003,7
272.11,45,2003,10
275.27,45,2004,1
277.63,45,2004,4
282.97,45,2004,7
288.11,45,2004,10
293.16,45,2005,1
298.25,45,2005,4
305.79,45,2005,7
312.51,45,2005,10
316.91,45,2006,1
322.15,45,2006,4
326.92,45,2006,7
335.11,45,2006,10
337.1,45,2007,1
339.57,45,2007,4
339.18,45,2007,7
343.74,45,2007,10
346.1,45,2008,1
344.23,45,2008,4
338.12,45,2008,7
339.11,45,2008,10
343.23,45,2009,1
338.89,45,2009,4
328.8,45,2009,7
324.98,45,2009,10
320.8,45,2010,1
315.71,45,2010,4
320.3,45,2010,7
317.68,45,2010,10
309.31,45,2011,1
301.86,45,2011,4
304.37,45,2011,7
307.5,45,2011,10
302.48,45,2012,1
300.98,45,2012,4
303.34,45,2012,7
303.35,45,2012,10
303.12,45,2013,1
304.02,45,2013,4
304.56,45,2013,7
303.86,45,2013,10
304.97,45,2014,1
310.25,45,2014,4
313.7,45,2014,7
316.14,45,2014,10
321.91,45,2015,1
325.47,45,2015,4
328.69,45,2015,7
332.4,45,2015,10
335.39,45,2016,1
341.38,45,2016,4
348.92,45,2016,7
349.84,45,2016,10
353.82,45,2017,1
360.17,45,2017,4
367.36,45,2017,7
369.67,45,2017,10
377.77,45,2018,1
382.11,45,2018,4
387.52,45,2018,7
389.66,45,2018,10
394.61,45,2019,1
402.61,45,2019,4
407.8,45,2019,7
412.2,45,2019,10
417.91,45,2020,1
421.06,45,2020,4
428.2,45,2020,7
436.8,45,2020,10
446.2,45,2021,1
469.37,45,2021,4
197.43,46,2000,1
201.26,46,2000,4
204.73,46,2000,7
204.95,46,2000,10
209.31,46,2001,1
212.41,46,2001,4
214.28,46,2001,7
215.19,46,2001,10
218.19,46,2002,1
221.13,46,2002,4
223.76,46,2002,7
225.13,46,2002,10
227.11,46,2003,1
228.33,46,2003,4
232.47,46,2003,7
237.41,46,2003,10
238.01,46,2004,1
242.32,46,2004,4
247.22,46,2004,7
250.54,46,2004,10
254.11,46,2005,1
260.15,46,2005,4
264.11,46,2005,7
268.33,46,2005,10
268.29,46,2006,1
272.54,46,2006,4
277.2,46,2006,7
278.09,46,2006,10
281.04,46,2007,1
283.87,46,2007,4
285.91,46,2007,7
288.14,46,2007,10
291.32,46,2008,1
291.75,46,2008,4
291.42,46,2008,7
293.5,46,2008,10
296.07,46,2009,1
294.91,46,2009,4
291.51,46,2009,7
290.35,46,2009,10
288.55,46,2010,1
288.21,46,2010,4
292.69,46,2010,7
292.91,46,2010,10
291.18,46,2011,1
288.77,46,2011,4
291.56,46,2011,7
293.31,46,2011,10
293.24,46,2012,1
294.94,46,2012,4
296.23,46,2012,7
300.2,46,2012,10
303.25,46,2013,1
304.49,46,2013,4
308.57,46,2013,7
309.84,46,2013,10
309.28,46,2014,1
314.54,46,2014,4
317.4,46,2014,7
320.43,46,2014,10
323.0,46,2015,1
327.14,46,2015,4
331.03,46,2015,7
334.58,46,2015,10
337.29,46,2016,1
340.13,46,2016,4
346.74,46,2016,7
349.11,46,2016,10
351.65,46,2017,1
359.39,46,2017,4
364.75,46,2017,7
365.85,46,2017,10
370.85,46,2018,1
374.4,46,2018,4
379.72,46,2018,7
383.83,46,2018,10
385.86,46,2019,1
391.65,46,2019,4
396.51,46,2019,7
401.18,46,2019,10
406.16,46,2020,1
408.67,46,2020,4
414.28,46,2020,7
423.83,46,2020,10
428.94,46,2021,1
456.56,46,2021,4
214.73,47,2000,1
215.93,47,2000,4
218.1,47,2000,7
220.06,47,2000,10
225.53,47,2001,1
226.7,47,2001,4
228.09,47,2001,7
230.81,47,2001,10
231.88,47,2002,1
232.28,47,2002,4
235.69,47,2002,7
237.77,47,2002,10
239.36,47,2003,1
241.4,47,2003,4
242.97,47,2003,7
245.57,47,2003,10
247.62,47,2004,1
250.38,47,2004,4
253.96,47,2004,7
257.03,47,2004,10
260.66,47,2005,1
266.31,47,2005,4
271.67,47,2005,7
276.05,47,2005,10
280.58,47,2006,1
285.98,47,2006,4
289.61,47,2006,7
294.96,47,2006,10
297.8,47,2007,1
301.45,47,2007,4
301.75,47,2007,7
303.86,47,2007,10
305.1,47,2008,1
303.98,47,2008,4
299.4,47,2008,7
300.7,47,2008,10
303.31,47,2009,1
300.24,47,2009,4
293.28,47,2009,7
290.46,47,2009,10
287.64,47,2010,1
286.35,47,2010,4
290.4,47,2010,7
288.32,47,2010,10
281.47,47,2011,1
277.86,47,2011,4
281.05,47,2011,7
281.83,47,2011,10
279.36,47,2012,1
278.23,47,2012,4
281.33,47,2012,7
281.82,47,2012,10
282.01,47,2013,1
284.67,47,2013,4
285.35,47,2013,7
287.13,47,2013,10
288.83,47,2014,1
294.52,47,2014,4
296.97,47,2014,7
301.18,47,2014,10
303.83,47,2015,1
307.39,47,2015,4
312.84,47,2015,7
315.66,47,2015,10
319.87,47,2016,1
325.81,47,2016,4
331.63,47,2016,7
336.22,47,2016,10
340.23,47,2017,1
348.61,47,2017,4
355.78,47,2017,7
360.23,47,2017,10
365.88,47,2018,1
374.26,47,2018,4
379.47,47,2018,7
383.41,47,2018,10
387.2,47,2019,1
394.73,47,2019,4
400.61,47,2019,7
405.65,47,2019,10
411.91,47,2020,1
416.02,47,2020,4
425.72,47,2020,7
434.86,47,2020,10
446.21,47,2021,1
471.84,47,2021,4
158.81,48,2000,1
161.49,48,2000,4
163.87,48,2000,7
165.78,48,2000,10
170.47,48,2001,1
172.71,48,2001,4
174.01,48,2001,7
175.96,48,2001,10
176.47,48,2002,1
177.97,48,2002,4
180.72,48,2002,7
182.62,48,2002,10
183.49,48,2003,1
184.67,48,2003,4
185.27,48,2003,7
186.39,48,2003,10
187.3,48,2004,1
189.19,48,2004,4
190.75,48,2004,7
192.94,48,2004,10
193.91,48,2005,1
197.03,48,2005,4
200.21,48,2005,7
202.55,48,2005,10
204.94,48,2006,1
208.17,48,2006,4
211.25,48,2006,7
214.15,48,2006,10
216.95,48,2007,1
220.59,48,2007,4
221.3,48,2007,7
222.95,48,2007,10
224.27,48,2008,1
224.9,48,2008,4
224.14,48,2008,7
224.54,48,2008,10
227.17,48,2009,1
225.64,48,2009,4
223.44,48,2009,7
222.85,48,2009,10
221.46,48,2010,1
221.6,48,2010,4
222.99,48,2010,7
222.03,48,2010,10
218.78,48,2011,1
217.7,48,2011,4
219.53,48,2011,7
219.75,48,2011,10
219.64,48,2012,1
221.15,48,2012,4
223.07,48,2012,7
224.73,48,2012,10
226.39,48,2013,1
230.43,48,2013,4
234.44,48,2013,7
237.15,48,2013,10
241.09,48,2014,1
247.39,48,2014,4
251.79,48,2014,7
254.76,48,2014,10
258.63,48,2015,1
265.03,48,2015,4
270.77,48,2015,7
273.19,48,2015,10
277.12,48,2016,1
284.31,48,2016,4
289.97,48,2016,7
293.26,48,2016,10
297.14,48,2017,1
306.06,48,2017,4
310.7,48,2017,7
313.66,48,2017,10
317.79,48,2018,1
324.72,48,2018,4
328.7,48,2018,7
329.84,48,2018,10
333.77,48,2019,1
339.85,48,2019,4
343.96,48,2019,7
346.5,48,2019,10
350.22,48,2020,1
352.81,48,2020,4
358.33,48,2020,7
366.06,48,2020,10
374.15,48,2021,1
395.16,48,2021,4
236.41,49,2000,1
236.36,49,2000,4
238.88,49,2000,7
242.25,49,2000,10
247.65,49,2001,1
248.2,49,2001,4
248.41,49,2001,7
251.02,49,2001,10
250.59,49,2002,1
250.09,49,2002,4
253.25,49,2002,7
254.57,49,2002,10
255.24,49,2003,1
256.16,49,2003,4
256.89,49,2003,7
257.07,49,2003,10
259.58,49,2004,1
262.0,49,2004,4
265.34,49,2004,7
270.49,49,2004,10
275.51,49,2005,1
284.22,49,2005,4
294.74,49,2005,7
304.5,49,2005,10
314.86,49,2006,1
328.16,49,2006,4
342.63,49,2006,7
355.65,49,2006,10
366.57,49,2007,1
375.49,49,2007,4
380.16,49,2007,7
383.05,49,2007,10
382.16,49,2008,1
375.97,49,2008,4
364.57,49,2008,7
363.74,49,2008,10
360.83,49,2009,1
347.13,49,2009,4
332.32,49,2009,7
328.47,49,2009,10
323.44,49,2010,1
318.81,49,2010,4
321.52,49,2010,7
319.83,49,2010,10
305.6,49,2011,1
299.08,49,2011,4
304.46,49,2011,7
305.85,49,2011,10
305.14,49,2012,1
303.56,49,2012,4
309.83,49,2012,7
315.21,49,2012,10
318.09,49,2013,1
327.01,49,2013,4
334.63,49,2013,7
338.98,49,2013,10
341.16,49,2014,1
347.45,49,2014,4
351.42,49,2014,7
355.39,49,2014,10
358.85,49,2015,1
364.88,49,2015,4
372.09,49,2015,7
377.15,49,2015,10
382.64,49,2016,1
391.33,49,2016,4
400.27,49,2016,7
405.03,49,2016,10
412.32,49,2017,1
425.99,49,2017,4
435.8,49,2017,7
441.61,49,2017,10
451.06,49,2018,1
465.89,49,2018,4
475.57,49,2018,7
481.57,49,2018,10
489.68,49,2019,1
499.78,49,2019,4
507.66,49,2019,7
515.2,49,2019,10
521.83,49,2020,1
531.54,49,2020,4
544.34,49,2020,7
562.74,49,2020,10
583.91,49,2021,1
640.44,49,2021,4
250.43,50,2000,1
254.43,50,2000,4
259.6,50,2000,7
264.49,50,2000,10
268.86,50,2001,1
274.2,50,2001,4
280.84,50,2001,7
284.19,50,2001,10
290.0,50,2002,1
296.63,50,2002,4
301.76,50,2002,7
304.45,50,2002,10
307.83,50,2003,1
312.91,50,2003,4
321.15,50,2003,7
337.7,50,2003,10
342.28,50,2004,1
352.25,50,2004,4
374.9,50,2004,7
382.58,50,2004,10
394.38,50,2005,1
407.48,50,2005,4
422.03,50,2005,7
430.79,50,2005,10
436.67,50,2006,1
446.77,50,2006,4
448.26,50,2006,7
455.32,50,2006,10
458.6,50,2007,1
458.07,50,2007,4
459.1,50,2007,7
456.98,50,2007,10
463.76,50,2008,1
457.44,50,2008,4
454.66,50,2008,7
453.71,50,2008,10
454.24,50,2009,1
447.81,50,2009,4
445.18,50,2009,7
441.38,50,2009,10
441.01,50,2010,1
439.61,50,2010,4
440.71,50,2010,7
442.15,50,2010,10
439.03,50,2011,1
433.97,50,2011,4
434.61,50,2011,7
440.54,50,2011,10
438.66,50,2012,1
436.73,50,2012,4
438.04,50,2012,7
438.08,50,2012,10
440.07,50,2013,1
436.39,50,2013,4
437.85,50,2013,7
436.61,50,2013,10
433.23,50,2014,1
438.81,50,2014,4
440.23,50,2014,7
438.85,50,2014,10
443.13,50,2015,1
447.85,50,2015,4
447.11,50,2015,7
445.8,50,2015,10
443.97,50,2016,1
452.14,50,2016,4
456.79,50,2016,7
455.47,50,2016,10
456.92,50,2017,1
461.56,50,2017,4
461.67,50,2017,7
470.19,50,2017,10
471.65,50,2018,1
477.86,50,2018,4
479.62,50,2018,7
477.36,50,2018,10
482.74,50,2019,1
492.75,50,2019,4
499.71,50,2019,7
501.78,50,2019,10
508.11,50,2020,1
511.98,50,2020,4
521.58,50,2020,7
537.75,50,2020,10
551.08,50,2021,1
573.89,50,2021,4
229.63,51,2000,1
234.36,51,2000,4
238.53,51,2000,7
242.57,51,2000,10
248.68,51,2001,1
254.46,51,2001,4
260.15,51,2001,7
263.72,51,2001,10
268.91,51,2002,1
276.49,51,2002,4
283.54,51,2002,7
287.45,51,2002,10
291.79,51,2003,1
296.55,51,2003,4
303.64,51,2003,7
315.98,51,2003,10
324.02,51,2004,1
336.52,51,2004,4
357.98,51,2004,7
370.38,51,2004,10
385.15,51,2005,1
407.02,51,2005,4
426.56,51,2005,7
438.43,51,2005,10
448.35,51,2006,1
456.73,51,2006,4
459.56,51,2006,7
466.06,51,2006,10
468.08,51,2007,1
469.28,51,2007,4
463.39,51,2007,7
462.14,51,2007,10
459.81,51,2008,1
446.78,51,2008,4
434.42,51,2008,7
430.88,51,2008,10
432.53,51,2009,1
421.7,51,2009,4
412.25,51,2009,7
409.11,51,2009,10
403.66,51,2010,1
401.03,51,2010,4
405.13,51,2010,7
402.87,51,2010,10
393.45,51,2011,1
388.67,51,2011,4
391.95,51,2011,7
394.7,51,2011,10
390.37,51,2012,1
387.81,51,2012,4
392.61,51,2012,7
394.26,51,2012,10
393.78,51,2013,1
397.66,51,2013,4
398.52,51,2013,7
398.43,51,2013,10
400.1,51,2014,1
406.43,51,2014,4
409.31,51,2014,7
412.65,51,2014,10
414.87,51,2015,1
418.29,51,2015,4
420.02,51,2015,7
422.08,51,2015,10
421.03,51,2016,1
428.53,51,2016,4
432.28,51,2016,7
434.33,51,2016,10
433.68,51,2017,1
442.77,51,2017,4
445.17,51,2017,7
447.06,51,2017,10
452.21,51,2018,1
457.35,51,2018,4
459.88,51,2018,7
460.54,51,2018,10
465.48,51,2019,1
474.66,51,2019,4
479.7,51,2019,7
483.29,51,2019,10
488.23,51,2020,1
493.87,51,2020,4
502.4,51,2020,7
511.38,51,2020,10
521.6,51,2021,1
544.48,51,2021,4
269.83,53,2000,1
272.59,53,2000,4
276.27,53,2000,7
279.79,53,2000,10
286.61,53,2001,1
290.48,53,2001,4
293.42,53,2001,7
295.39,53,2001,10
299.0,53,2002,1
302.63,53,2002,4
306.31,53,2002,7
308.92,53,2002,10
311.46,53,2003,1
314.13,53,2003,4
318.02,53,2003,7
326.1,53,2003,10
331.05,53,2004,1
340.96,53,2004,4
355.17,53,2004,7
363.38,53,2004,10
375.1,53,2005,1
395.01,53,2005,4
412.55,53,2005,7
429.82,53,2005,10
445.15,53,2006,1
460.61,53,2006,4
474.18,53,2006,7
484.35,53,2006,10
493.07,53,2007,1
498.62,53,2007,4
499.89,53,2007,7
502.69,53,2007,10
501.29,53,2008,1
491.46,53,2008,4
476.87,53,2008,7
471.79,53,2008,10
468.1,53,2009,1
448.16,53,2009,4
433.18,53,2009,7
427.44,53,2009,10
419.98,53,2010,1
415.21,53,2010,4
415.06,53,2010,7
407.75,53,2010,10
394.04,53,2011,1
384.06,53,2011,4
385.3,53,2011,7
385.6,53,2011,10
379.38,53,2012,1
376.15,53,2012,4
383.07,53,2012,7
387.62,53,2012,10
390.43,53,2013,1
397.69,53,2013,4
406.25,53,2013,7
410.14,53,2013,10
414.79,53,2014,1
425.72,53,2014,4
434.93,53,2014,7
439.27,53,2014,10
445.18,53,2015,1
458.37,53,2015,4
471.22,53,2015,7
479.02,53,2015,10
488.7,53,2016,1
506.22,53,2016,4
521.38,53,2016,7
528.77,53,2016,10
538.7,53,2017,1
559.78,53,2017,4
576.77,53,2017,7
585.02,53,2017,10
598.96,53,2018,1
620.36,53,2018,4
627.18,53,2018,7
628.92,53,2018,10
637.33,53,2019,1
650.1,53,2019,4
658.33,53,2019,7
665.6,53,2019,10
676.66,53,2020,1
687.39,53,2020,4
702.91,53,2020,7
720.84,53,2020,10
740.94,53,2021,1
796.02,53,2021,4
148.08,54,2000,1
149.16,54,2000,4
150.53,54,2000,7
151.8,54,2000,10
156.14,54,2001,1
157.59,54,2001,4
158.39,54,2001,7
159.94,54,2001,10
160.74,54,2002,1
162.61,54,2002,4
163.96,54,2002,7
166.35,54,2002,10
166.84,54,2003,1
168.48,54,2003,4
170.79,54,2003,7
172.28,54,2003,10
175.22,54,2004,1
178.52,54,2004,4
181.74,54,2004,7
185.19,54,2004,10
189.07,54,2005,1
195.15,54,2005,4
201.85,54,2005,7
204.63,54,2005,10
208.73,54,2006,1
206.75,54,2006,4
209.47,54,2006,7
212.0,54,2006,10
213.33,54,2007,1
212.94,54,2007,4
213.34,54,2007,7
215.07,54,2007,10
215.42,54,2008,1
214.88,54,2008,4
211.33,54,2008,7
209.42,54,2008,10
212.83,54,2009,1
210.19,54,2009,4
206.33,54,2009,7
205.25,54,2009,10
205.06,54,2010,1
204.88,54,2010,4
206.02,54,2010,7
207.59,54,2010,10
202.91,54,2011,1
200.18,54,2011,4
203.42,54,2011,7
204.51,54,2011,10
202.58,54,2012,1
203.24,54,2012,4
204.52,54,2012,7
205.01,54,2012,10
204.45,54,2013,1
205.51,54,2013,4
207.89,54,2013,7
209.38,54,2013,10
208.79,54,2014,1
209.99,54,2014,4
212.27,54,2014,7
212.85,54,2014,10
212.22,54,2015,1
217.67,54,2015,4
216.6,54,2015,7
217.86,54,2015,10
218.77,54,2016,1
219.23,54,2016,4
221.06,54,2016,7
222.37,54,2016,10
219.7,54,2017,1
221.53,54,2017,4
222.72,54,2017,7
226.03,54,2017,10
226.28,54,2018,1
229.42,54,2018,4
228.89,54,2018,7
228.7,54,2018,10
229.42,54,2019,1
232.65,54,2019,4
234.58,54,2019,7
237.55,54,2019,10
239.48,54,2020,1
241.14,54,2020,4
245.72,54,2020,7
249.41,54,2020,10
253.24,54,2021,1
258.88,54,2021,4
227.8,55,2000,1
228.98,55,2000,4
232.35,55,2000,7
235.18,55,2000,10
238.75,55,2001,1
241.99,55,2001,4
245.19,55,2001,7
247.04,55,2001,10
251.1,55,2002,1
254.58,55,2002,4
257.24,55,2002,7
259.11,55,2002,10
261.79,55,2003,1
264.12,55,2003,4
268.11,55,2003,7
276.92,55,2003,10
279.06,55,2004,1
284.73,55,2004,4
295.24,55,2004,7
298.69,55,2004,10
304.16,55,2005,1
309.59,55,2005,4
315.6,55,2005,7
318.62,55,2005,10
321.07,55,2006,1
320.72,55,2006,4
322.21,55,2006,7
326.15,55,2006,10
327.51,55,2007,1
326.92,55,2007,4
325.24,55,2007,7
326.94,55,2007,10
327.72,55,2008,1
322.82,55,2008,4
317.11,55,2008,7
317.77,55,2008,10
319.28,55,2009,1
314.48,55,2009,4
307.48,55,2009,7
306.58,55,2009,10
302.65,55,2010,1
300.93,55,2010,4
304.09,55,2010,7
302.15,55,2010,10
295.5,55,2011,1
290.57,55,2011,4
293.27,55,2011,7
294.35,55,2011,10
291.59,55,2012,1
289.19,55,2012,4
291.91,55,2012,7
291.92,55,2012,10
290.96,55,2013,1
290.85,55,2013,4
291.08,55,2013,7
289.95,55,2013,10
289.37,55,2014,1
293.95,55,2014,4
297.11,55,2014,7
298.61,55,2014,10
300.59,55,2015,1
303.73,55,2015,4
306.24,55,2015,7
308.11,55,2015,10
310.95,55,2016,1
315.35,55,2016,4
319.53,55,2016,7
321.64,55,2016,10
324.72,55,2017,1
332.51,55,2017,4
336.76,55,2017,7
337.2,55,2017,10
342.14,55,2018,1
350.6,55,2018,4
354.89,55,2018,7
356.21,55,2018,10
359.79,55,2019,1
366.18,55,2019,4
370.89,55,2019,7
373.16,55,2019,10
376.27,55,2020,1
378.9,55,2020,4
386.44,55,2020,7
394.15,55,2020,10
398.87,55,2021,1
420.06,55,2021,4
150.2,56,2000,1
151.74,56,2000,4
153.24,56,2000,7
156.62,56,2000,10
157.7,56,2001,1
160.72,56,2001,4
163.15,56,2001,7
165.2,56,2001,10
168.38,56,2002,1
170.72,56,2002,4
173.75,56,2002,7
175.54,56,2002,10
177.58,56,2003,1
181.54,56,2003,4
184.02,56,2003,7
187.5,56,2003,10
191.25,56,2004,1
196.32,56,2004,4
203.62,56,2004,7
207.47,56,2004,10
211.93,56,2005,1
218.41,56,2005,4
226.6,56,2005,7
232.74,56,2005,10
239.24,56,2006,1
246.91,56,2006,4
254.96,56,2006,7
261.66,56,2006,10
267.74,56,2007,1
274.84,56,2007,4
278.38,56,2007,7
279.91,56,2007,10
281.46,56,2008,1
282.22,56,2008,4
280.33,56,2008,7
280.16,56,2008,10
280.26,56,2009,1
279.83,56,2009,4
273.06,56,2009,7
270.77,56,2009,10
266.5,56,2010,1
267.58,56,2010,4
267.36,56,2010,7
267.63,56,2010,10
263.92,56,2011,1
261.1,56,2011,4
264.56,56,2011,7
264.52,56,2011,10
265.1,56,2012,1
265.64,56,2012,4
267.73,56,2012,7
270.0,56,2012,10
271.01,56,2013,1
273.54,56,2013,4
273.68,56,2013,7
274.58,56,2013,10
277.77,56,2014,1
279.27,56,2014,4
283.62,56,2014,7
285.45,56,2014,10
288.11,56,2015,1
289.34,56,2015,4
295.69,56,2015,7
294.57,56,2015,10
294.27,56,2016,1
297.48,56,2016,4
300.0,56,2016,7
300.05,56,2016,10
298.32,56,2017,1
301.72,56,2017,4
302.45,56,2017,7
306.1,56,2017,10
311.38,56,2018,1
309.81,56,2018,4
315.09,56,2018,7
317.38,56,2018,10
316.78,56,2019,1
325.31,56,2019,4
330.08,56,2019,7
334.2,56,2019,10
337.57,56,2020,1
339.72,56,2020,4
344.74,56,2020,7
351.34,56,2020,10
356.87,56,2021,1
371.11,56,2021,4
