Fips,Year,Population,Interest Rate,Month,Unemployment Rate,HPA,HPI
1,2010,4785514.0,0.5,1,9.8,881,289.29
2,2010,713982.0,0.5,1,9.8,24,280.46
4,2010,6407342.0,0.5,1,9.8,1258,273.63
5,2010,2921998.0,0.5,1,9.8,411,245.17
6,2010,37319550.0,0.5,1,9.8,3022,409.99
8,2010,5047539.0,0.5,1,9.8,673,340.36
9,2010,3579173.0,0.5,1,9.8,165,406.64
10,2010,899647.0,0.5,1,9.8,202,440.07
11,2010,605282.0,0.5,1,9.8,20,554.98
12,2010,18846143.0,0.5,1,9.8,3818,299.68
13,2010,9712209.0,0.5,1,9.8,1207,286.36
15,2010,1364004.0,0.5,1,9.8,135,452.77
16,2010,1570819.0,0.5,1,9.8,354,291.94
17,2010,12840545.0,0.5,1,9.8,381,317.4
18,2010,6490555.0,0.5,1,9.8,808,242.35
19,2010,3050819.0,0.5,1,9.8,195,244.15
20,2010,2858266.0,0.5,1,9.8,246,234.11
21,2010,4348464.0,0.5,1,9.8,422,284.96
22,2010,4544635.0,0.5,1,9.8,724,240.87
23,2010,1327651.0,0.5,1,9.8,107,458.4
24,2010,5788784.0,0.5,1,9.8,763,426.17
25,2010,6566440.0,0.5,1,9.8,463,613.93
26,2010,9877597.0,0.5,1,9.8,485,239.86
27,2010,5310934.0,0.5,1,9.8,220,311.07
28,2010,2970615.0,0.5,1,9.8,366,244.74
29,2010,5996089.0,0.5,1,9.8,417,277.32
30,2010,990730.0,0.5,1,9.8,100,357.03
31,2010,1829591.0,0.5,1,9.8,215,246.92
32,2010,2702483.0,0.5,1,9.8,573,225.4
33,2010,1316807.0,0.5,1,9.8,202,392.83
34,2010,8799451.0,0.5,1,9.8,745,486.23
35,2010,2064614.0,0.5,1,9.8,277,303.76
36,2010,19399956.0,0.5,1,9.8,848,573.62
37,2010,9574586.0,0.5,1,9.8,2513,314.5
38,2010,674752.0,0.5,1,9.8,101,252.77
39,2010,11539449.0,0.5,1,9.8,878,244.24
40,2010,3760014.0,0.5,1,9.8,545,202.47
41,2010,3837614.0,0.5,1,9.8,488,378.25
42,2010,12711406.0,0.5,1,9.8,1409,374.25
44,2010,1053994.0,0.5,1,9.8,56,476.0
45,2010,4635846.0,0.5,1,9.8,1104,320.8
46,2010,816193.0,0.5,1,9.8,88,288.55
47,2010,6355518.0,0.5,1,9.8,1185,287.64
48,2010,25241897.0,0.5,1,9.8,6137,221.46
49,2010,2775413.0,0.5,1,9.8,498,323.44
50,2010,625886.0,0.5,1,9.8,51,441.01
51,2010,8024004.0,0.5,1,9.8,1429,403.66
53,2010,6743009.0,0.5,1,9.8,1653,419.98
54,2010,1854265.0,0.5,1,9.8,129,205.06
55,2010,5690538.0,0.5,1,9.8,420,302.65
56,2010,564531.0,0.5,1,9.8,68,266.5
1,2010,4785514.0,0.75,4,9.9,1142,284.97
2,2010,713982.0,0.75,4,9.9,100,282.95
4,2010,6407342.0,0.75,4,9.9,1142,264.18
5,2010,2921998.0,0.75,4,9.9,771,245.87
6,2010,37319550.0,0.75,4,9.9,3210,408.81
8,2010,5047539.0,0.75,4,9.9,895,336.41
9,2010,3579173.0,0.75,4,9.9,346,402.14
10,2010,899647.0,0.75,4,9.9,315,435.48
11,2010,605282.0,0.75,4,9.9,23,557.04
12,2010,18846143.0,0.75,4,9.9,3743,291.39
13,2010,9712209.0,0.75,4,9.9,1778,280.24
15,2010,1364004.0,0.75,4,9.9,195,449.69
16,2010,1570819.0,0.75,4,9.9,542,287.2
17,2010,12840545.0,0.75,4,9.9,1097,313.7
18,2010,6490555.0,0.75,4,9.9,1359,242.64
19,2010,3050819.0,0.75,4,9.9,872,244.98
20,2010,2858266.0,0.75,4,9.9,410,233.64
21,2010,4348464.0,0.75,4,9.9,683,283.72
22,2010,4544635.0,0.75,4,9.9,1178,239.58
23,2010,1327651.0,0.75,4,9.9,306,452.81
24,2010,5788784.0,0.75,4,9.9,904,420.89
25,2010,6566440.0,0.75,4,9.9,714,612.16
26,2010,9877597.0,0.75,4,9.9,803,236.06
27,2010,5310934.0,0.75,4,9.9,972,308.27
28,2010,2970615.0,0.75,4,9.9,552,241.41
29,2010,5996089.0,0.75,4,9.9,808,275.44
30,2010,990730.0,0.75,4,9.9,241,353.08
31,2010,1829591.0,0.75,4,9.9,604,248.66
32,2010,2702483.0,0.75,4,9.9,698,217.5
33,2010,1316807.0,0.75,4,9.9,226,390.21
34,2010,8799451.0,0.75,4,9.9,1104,482.59
35,2010,2064614.0,0.75,4,9.9,436,298.44
36,2010,19399956.0,0.75,4,9.9,1666,570.09
37,2010,9574586.0,0.75,4,9.9,3284,312.0
38,2010,674752.0,0.75,4,9.9,421,252.58
39,2010,11539449.0,0.75,4,9.9,1618,242.4
40,2010,3760014.0,0.75,4,9.9,838,202.29
41,2010,3837614.0,0.75,4,9.9,728,372.71
42,2010,12711406.0,0.75,4,9.9,1653,372.29
44,2010,1053994.0,0.75,4,9.9,69,469.12
45,2010,4635846.0,0.75,4,9.9,1430,315.71
46,2010,816193.0,0.75,4,9.9,585,288.21
47,2010,6355518.0,0.75,4,9.9,1323,286.35
48,2010,25241897.0,0.75,4,9.9,8056,221.6
49,2010,2775413.0,0.75,4,9.9,940,318.81
50,2010,625886.0,0.75,4,9.9,111,439.61
51,2010,8024004.0,0.75,4,9.9,2081,401.03
53,2010,6743009.0,0.75,4,9.9,1554,415.21
54,2010,1854265.0,0.75,4,9.9,216,204.88
55,2010,5690538.0,0.75,4,9.9,1446,300.93
56,2010,564531.0,0.75,4,9.9,142,267.58
1,2010,4785514.0,0.75,7,9.4,731,288.75
2,2010,713982.0,0.75,7,9.4,91,284.44
4,2010,6407342.0,0.75,7,9.4,942,263.67
5,2010,2921998.0,0.75,7,9.4,508,246.77
6,2010,37319550.0,0.75,7,9.4,3756,411.01
8,2010,5047539.0,0.75,7,9.4,862,340.65
9,2010,3579173.0,0.75,7,9.4,296,406.71
10,2010,899647.0,0.75,7,9.4,276,435.29
11,2010,605282.0,0.75,7,9.4,101,565.89
12,2010,18846143.0,0.75,7,9.4,2894,294.82
13,2010,9712209.0,0.75,7,9.4,1690,283.02
15,2010,1364004.0,0.75,7,9.4,144,452.44
16,2010,1570819.0,0.75,7,9.4,317,285.98
17,2010,12840545.0,0.75,7,9.4,772,316.97
18,2010,6490555.0,0.75,7,9.4,1339,245.79
19,2010,3050819.0,0.75,7,9.4,667,247.28
20,2010,2858266.0,0.75,7,9.4,458,236.26
21,2010,4348464.0,0.75,7,9.4,601,287.76
22,2010,4544635.0,0.75,7,9.4,840,242.59
23,2010,1327651.0,0.75,7,9.4,315,458.31
24,2010,5788784.0,0.75,7,9.4,1126,426.33
25,2010,6566440.0,0.75,7,9.4,853,615.76
26,2010,9877597.0,0.75,7,9.4,787,240.16
27,2010,5310934.0,0.75,7,9.4,743,315.19
28,2010,2970615.0,0.75,7,9.4,322,244.28
29,2010,5996089.0,0.75,7,9.4,638,278.36
30,2010,990730.0,0.75,7,9.4,188,357.86
31,2010,1829591.0,0.75,7,9.4,343,250.93
32,2010,2702483.0,0.75,7,9.4,455,218.88
33,2010,1316807.0,0.75,7,9.4,179,394.54
34,2010,8799451.0,0.75,7,9.4,1098,485.83
35,2010,2064614.0,0.75,7,9.4,508,300.28
36,2010,19399956.0,0.75,7,9.4,1753,578.16
37,2010,9574586.0,0.75,7,9.4,3191,314.06
38,2010,674752.0,0.75,7,9.4,431,254.81
39,2010,11539449.0,0.75,7,9.4,1569,245.67
40,2010,3760014.0,0.75,7,9.4,698,204.28
41,2010,3837614.0,0.75,7,9.4,537,372.92
42,2010,12711406.0,0.75,7,9.4,1531,376.73
44,2010,1053994.0,0.75,7,9.4,58,476.49
45,2010,4635846.0,0.75,7,9.4,1192,320.3
46,2010,816193.0,0.75,7,9.4,257,292.69
47,2010,6355518.0,0.75,7,9.4,985,290.4
48,2010,25241897.0,0.75,7,9.4,7343,222.99
49,2010,2775413.0,0.75,7,9.4,658,321.52
50,2010,625886.0,0.75,7,9.4,113,440.71
51,2010,8024004.0,0.75,7,9.4,2224,405.13
53,2010,6743009.0,0.75,7,9.4,1621,415.06
54,2010,1854265.0,0.75,7,9.4,126,206.02
55,2010,5690538.0,0.75,7,9.4,1093,304.09
56,2010,564531.0,0.75,7,9.4,200,267.36
1,2010,4785514.0,0.75,10,9.4,806,286.38
2,2010,713982.0,0.75,10,9.4,53,285.27
4,2010,6407342.0,0.75,10,9.4,855,257.08
5,2010,2921998.0,0.75,10,9.4,360,245.58
6,2010,37319550.0,0.75,10,9.4,3030,406.49
8,2010,5047539.0,0.75,10,9.4,763,339.12
9,2010,3579173.0,0.75,10,9.4,293,407.37
10,2010,899647.0,0.75,10,9.4,208,431.78
11,2010,605282.0,0.75,10,9.4,11,565.21
12,2010,18846143.0,0.75,10,9.4,2630,289.45
13,2010,9712209.0,0.75,10,9.4,928,279.14
15,2010,1364004.0,0.75,10,9.4,174,452.71
16,2010,1570819.0,0.75,10,9.4,292,279.06
17,2010,12840545.0,0.75,10,9.4,1256,314.82
18,2010,6490555.0,0.75,10,9.4,1044,245.27
19,2010,3050819.0,0.75,10,9.4,668,247.24
20,2010,2858266.0,0.75,10,9.4,329,236.15
21,2010,4348464.0,0.75,10,9.4,734,287.36
22,2010,4544635.0,0.75,10,9.4,977,242.05
23,2010,1327651.0,0.75,10,9.4,248,459.13
24,2010,5788784.0,0.75,10,9.4,676,422.21
25,2010,6566440.0,0.75,10,9.4,614,615.49
26,2010,9877597.0,0.75,10,9.4,842,239.56
27,2010,5310934.0,0.75,10,9.4,1247,311.08
28,2010,2970615.0,0.75,10,9.4,353,242.53
29,2010,5996089.0,0.75,10,9.4,653,276.59
30,2010,990730.0,0.75,10,9.4,173,356.66
31,2010,1829591.0,0.75,10,9.4,608,249.6
32,2010,2702483.0,0.75,10,9.4,433,212.8
33,2010,1316807.0,0.75,10,9.4,218,392.28
34,2010,8799451.0,0.75,10,9.4,1123,484.83
35,2010,2064614.0,0.75,10,9.4,288,297.33
36,2010,19399956.0,0.75,10,9.4,1575,577.91
37,2010,9574586.0,0.75,10,9.4,2365,312.28
38,2010,674752.0,0.75,10,9.4,399,257.62
39,2010,11539449.0,0.75,10,9.4,1404,244.62
40,2010,3760014.0,0.75,10,9.4,476,203.63
41,2010,3837614.0,0.75,10,9.4,494,367.28
42,2010,12711406.0,0.75,10,9.4,1925,375.8
44,2010,1053994.0,0.75,10,9.4,96,475.59
45,2010,4635846.0,0.75,10,9.4,1060,317.68
46,2010,816193.0,0.75,10,9.4,285,292.91
47,2010,6355518.0,0.75,10,9.4,931,288.32
48,2010,25241897.0,0.75,10,9.4,5015,222.03
49,2010,2775413.0,0.75,10,9.4,574,319.83
50,2010,625886.0,0.75,10,9.4,108,442.15
51,2010,8024004.0,0.75,10,9.4,1397,402.87
53,2010,6743009.0,0.75,10,9.4,1446,407.75
54,2010,1854265.0,0.75,10,9.4,95,207.59
55,2010,5690538.0,0.75,10,9.4,1293,302.15
56,2010,564531.0,0.75,10,9.4,218,267.63
1,2011,4799642.0,0.75,1,9.1,992,278.88
2,2011,722349.0,0.75,1,9.1,54,285.12
4,2011,6473416.0,0.75,1,9.1,697,242.66
5,2011,2941038.0,0.75,1,9.1,470,241.57
6,2011,37636311.0,0.75,1,9.1,2486,392.03
8,2011,5121900.0,0.75,1,9.1,643,330.67
9,2011,3588632.0,0.75,1,9.1,133,396.83
10,2011,907590.0,0.75,1,9.1,240,421.03
11,2011,620290.0,0.75,1,9.1,472,557.62
12,2011,19055607.0,0.75,1,9.1,3039,275.7
13,2011,9803630.0,0.75,1,9.1,1161,268.9
15,2011,1379562.0,0.75,1,9.1,116,443.31
16,2011,1584272.0,0.75,1,9.1,173,264.1
17,2011,12867783.0,0.75,1,9.1,833,304.08
18,2011,6517250.0,0.75,1,9.1,626,239.9
19,2011,3066772.0,0.75,1,9.1,173,244.95
20,2011,2869677.0,0.75,1,9.1,318,232.34
21,2011,4370817.0,0.75,1,9.1,392,283.22
22,2011,4576244.0,0.75,1,9.1,821,238.47
23,2011,1328473.0,0.75,1,9.1,126,451.47
24,2011,5840241.0,0.75,1,9.1,752,409.53
25,2011,6614218.0,0.75,1,9.1,368,606.57
26,2011,9883053.0,0.75,1,9.1,373,229.79
27,2011,5346620.0,0.75,1,9.1,246,298.18
28,2011,2979147.0,0.75,1,9.1,307,237.43
29,2011,6011182.0,0.75,1,9.1,318,269.57
30,2011,997518.0,0.75,1,9.1,57,345.74
31,2011,1840914.0,0.75,1,9.1,141,247.4
32,2011,2713114.0,0.75,1,9.1,643,201.34
33,2011,1320444.0,0.75,1,9.1,103,383.41
34,2011,8828552.0,0.75,1,9.1,922,473.37
35,2011,2080707.0,0.75,1,9.1,235,289.61
36,2011,19499921.0,0.75,1,9.1,1454,569.2
37,2011,9658913.0,0.75,1,9.1,2034,305.31
38,2011,685526.0,0.75,1,9.1,58,259.0
39,2011,11545735.0,0.75,1,9.1,687,237.18
40,2011,3788824.0,0.75,1,9.1,526,199.44
41,2011,3872672.0,0.75,1,9.1,466,351.99
42,2011,12747052.0,0.75,1,9.1,1417,369.98
44,2011,1053829.0,0.75,1,9.1,30,463.77
45,2011,4672655.0,0.75,1,9.1,915,309.31
46,2011,823740.0,0.75,1,9.1,57,291.18
47,2011,6400298.0,0.75,1,9.1,697,281.47
48,2011,25645504.0,0.75,1,9.1,5310,218.78
49,2011,2814797.0,0.75,1,9.1,421,305.6
50,2011,627197.0,0.75,1,9.1,30,439.03
51,2011,8102437.0,0.75,1,9.1,1677,393.45
53,2011,6827479.0,0.75,1,9.1,1090,394.04
54,2011,1856606.0,0.75,1,9.1,75,202.91
55,2011,5705840.0,0.75,1,9.1,527,295.5
56,2011,567491.0,0.75,1,9.1,84,263.92
1,2011,4799642.0,0.75,4,9.1,686,275.09
2,2011,722349.0,0.75,4,9.1,153,284.71
4,2011,6473416.0,0.75,4,9.1,1007,230.8
5,2011,2941038.0,0.75,4,9.1,329,240.13
6,2011,37636311.0,0.75,4,9.1,3691,385.75
8,2011,5121900.0,0.75,4,9.1,1078,324.83
9,2011,3588632.0,0.75,4,9.1,234,389.63
10,2011,907590.0,0.75,4,9.1,244,409.19
11,2011,620290.0,0.75,4,9.1,30,565.78
12,2011,19055607.0,0.75,4,9.1,3214,267.36
13,2011,9803630.0,0.75,4,9.1,1361,257.44
15,2011,1379562.0,0.75,4,9.1,331,443.77
16,2011,1584272.0,0.75,4,9.1,323,254.49
17,2011,12867783.0,0.75,4,9.1,836,297.89
18,2011,6517250.0,0.75,4,9.1,971,237.81
19,2011,3066772.0,0.75,4,9.1,1101,243.44
20,2011,2869677.0,0.75,4,9.1,359,228.74
21,2011,4370817.0,0.75,4,9.1,593,280.43
22,2011,4576244.0,0.75,4,9.1,1154,237.46
23,2011,1328473.0,0.75,4,9.1,214,444.09
24,2011,5840241.0,0.75,4,9.1,769,401.46
25,2011,6614218.0,0.75,4,9.1,455,599.71
26,2011,9883053.0,0.75,4,9.1,758,226.0
27,2011,5346620.0,0.75,4,9.1,747,291.37
28,2011,2979147.0,0.75,4,9.1,307,237.35
29,2011,6011182.0,0.75,4,9.1,849,265.39
30,2011,997518.0,0.75,4,9.1,114,344.62
31,2011,1840914.0,0.75,4,9.1,453,246.53
32,2011,2713114.0,0.75,4,9.1,436,187.82
33,2011,1320444.0,0.75,4,9.1,139,376.73
34,2011,8828552.0,0.75,4,9.1,959,463.88
35,2011,2080707.0,0.75,4,9.1,369,284.18
36,2011,19499921.0,0.75,4,9.1,1495,561.11
37,2011,9658913.0,0.75,4,9.1,2681,299.16
38,2011,685526.0,0.75,4,9.1,316,262.51
39,2011,11545735.0,0.75,4,9.1,1107,233.62
40,2011,3788824.0,0.75,4,9.1,995,199.47
41,2011,3872672.0,0.75,4,9.1,707,341.72
42,2011,12747052.0,0.75,4,9.1,1225,364.91
44,2011,1053829.0,0.75,4,9.1,64,448.34
45,2011,4672655.0,0.75,4,9.1,1490,301.86
46,2011,823740.0,0.75,4,9.1,267,288.77
47,2011,6400298.0,0.75,4,9.1,1078,277.86
48,2011,25645504.0,0.75,4,9.1,8184,217.7
49,2011,2814797.0,0.75,4,9.1,599,299.08
50,2011,627197.0,0.75,4,9.1,143,433.97
51,2011,8102437.0,0.75,4,9.1,1516,388.67
53,2011,6827479.0,0.75,4,9.1,2255,384.06
54,2011,1856606.0,0.75,4,9.1,131,200.18
55,2011,5705840.0,0.75,4,9.1,1203,290.57
56,2011,567491.0,0.75,4,9.1,152,261.1
1,2011,4799642.0,0.75,7,9.0,851,277.41
2,2011,722349.0,0.75,7,9.0,112,285.29
4,2011,6473416.0,0.75,7,9.0,1490,232.75
5,2011,2941038.0,0.75,7,9.0,662,242.15
6,2011,37636311.0,0.75,7,9.0,2548,387.31
8,2011,5121900.0,0.75,7,9.0,1532,328.13
9,2011,3588632.0,0.75,7,9.0,276,390.74
10,2011,907590.0,0.75,7,9.0,246,405.27
11,2011,620290.0,0.75,7,9.0,19,567.87
12,2011,19055607.0,0.75,7,9.0,4149,270.21
13,2011,9803630.0,0.75,7,9.0,1228,258.95
15,2011,1379562.0,0.75,7,9.0,178,446.87
16,2011,1584272.0,0.75,7,9.0,434,259.2
17,2011,12867783.0,0.75,7,9.0,825,300.07
18,2011,6517250.0,0.75,7,9.0,1162,240.64
19,2011,3066772.0,0.75,7,9.0,559,245.79
20,2011,2869677.0,0.75,7,9.0,715,231.44
21,2011,4370817.0,0.75,7,9.0,466,282.7
22,2011,4576244.0,0.75,7,9.0,853,237.72
23,2011,1328473.0,0.75,7,9.0,238,447.73
24,2011,5840241.0,0.75,7,9.0,1092,407.51
25,2011,6614218.0,0.75,7,9.0,449,602.87
26,2011,9883053.0,0.75,7,9.0,869,230.59
27,2011,5346620.0,0.75,7,9.0,865,295.18
28,2011,2979147.0,0.75,7,9.0,320,239.71
29,2011,6011182.0,0.75,7,9.0,701,269.16
30,2011,997518.0,0.75,7,9.0,184,346.03
31,2011,1840914.0,0.75,7,9.0,448,249.0
32,2011,2713114.0,0.75,7,9.0,368,186.71
33,2011,1320444.0,0.75,7,9.0,187,378.97
34,2011,8828552.0,0.75,7,9.0,950,462.45
35,2011,2080707.0,0.75,7,9.0,322,285.19
36,2011,19499921.0,0.75,7,9.0,1469,558.69
37,2011,9658913.0,0.75,7,9.0,2583,300.65
38,2011,685526.0,0.75,7,9.0,397,265.59
39,2011,11545735.0,0.75,7,9.0,1205,236.56
40,2011,3788824.0,0.75,7,9.0,589,199.01
41,2011,3872672.0,0.75,7,9.0,868,344.83
42,2011,12747052.0,0.75,7,9.0,1205,365.4
44,2011,1053829.0,0.75,7,9.0,71,449.31
45,2011,4672655.0,0.75,7,9.0,1229,304.37
46,2011,823740.0,0.75,7,9.0,273,291.56
47,2011,6400298.0,0.75,7,9.0,949,281.05
48,2011,25645504.0,0.75,7,9.0,8316,219.53
49,2011,2814797.0,0.75,7,9.0,899,304.46
50,2011,627197.0,0.75,7,9.0,149,434.61
51,2011,8102437.0,0.75,7,9.0,2729,391.95
53,2011,6827479.0,0.75,7,9.0,1771,385.3
54,2011,1856606.0,0.75,7,9.0,185,203.42
55,2011,5705840.0,0.75,7,9.0,862,293.27
56,2011,567491.0,0.75,7,9.0,201,264.56
1,2011,4799642.0,0.75,10,8.8,953,279.46
2,2011,722349.0,0.75,10,8.8,50,287.51
4,2011,6473416.0,0.75,10,8.8,943,238.02
5,2011,2941038.0,0.75,10,8.8,511,243.35
6,2011,37636311.0,0.75,10,8.8,3135,386.1
8,2011,5121900.0,0.75,10,8.8,1344,330.99
9,2011,3588632.0,0.75,10,8.8,187,393.79
10,2011,907590.0,0.75,10,8.8,223,410.18
11,2011,620290.0,0.75,10,8.8,240,574.6
12,2011,19055607.0,0.75,10,8.8,3418,272.54
13,2011,9803630.0,0.75,10,8.8,1660,258.38
15,2011,1379562.0,0.75,10,8.8,178,446.65
16,2011,1584272.0,0.75,10,8.8,342,264.3
17,2011,12867783.0,0.75,10,8.8,1514,299.98
18,2011,6517250.0,0.75,10,8.8,856,241.97
19,2011,3066772.0,0.75,10,8.8,657,246.83
20,2011,2869677.0,0.75,10,8.8,346,233.42
21,2011,4370817.0,0.75,10,8.8,639,283.72
22,2011,4576244.0,0.75,10,8.8,942,240.69
23,2011,1328473.0,0.75,10,8.8,227,450.67
24,2011,5840241.0,0.75,10,8.8,775,409.32
25,2011,6614218.0,0.75,10,8.8,826,603.61
26,2011,9883053.0,0.75,10,8.8,846,232.44
27,2011,5346620.0,0.75,10,8.8,835,298.11
28,2011,2979147.0,0.75,10,8.8,315,240.94
29,2011,6011182.0,0.75,10,8.8,611,270.42
30,2011,997518.0,0.75,10,8.8,356,347.58
31,2011,1840914.0,0.75,10,8.8,433,250.71
32,2011,2713114.0,0.75,10,8.8,289,186.84
33,2011,1320444.0,0.75,10,8.8,149,380.58
34,2011,8828552.0,0.75,10,8.8,1058,462.59
35,2011,2080707.0,0.75,10,8.8,310,286.56
36,2011,19499921.0,0.75,10,8.8,1616,563.02
37,2011,9658913.0,0.75,10,8.8,2469,301.82
38,2011,685526.0,0.75,10,8.8,535,267.89
39,2011,11545735.0,0.75,10,8.8,1796,237.27
40,2011,3788824.0,0.75,10,8.8,575,201.9
41,2011,3872672.0,0.75,10,8.8,810,348.16
42,2011,12747052.0,0.75,10,8.8,1380,366.89
44,2011,1053829.0,0.75,10,8.8,56,452.23
45,2011,4672655.0,0.75,10,8.8,1623,307.5
46,2011,823740.0,0.75,10,8.8,268,293.31
47,2011,6400298.0,0.75,10,8.8,908,281.83
48,2011,25645504.0,0.75,10,8.8,8174,219.75
49,2011,2814797.0,0.75,10,8.8,943,305.85
50,2011,627197.0,0.75,10,8.8,80,440.54
51,2011,8102437.0,0.75,10,8.8,1359,394.7
53,2011,6827479.0,0.75,10,8.8,1337,385.6
54,2011,1856606.0,0.75,10,8.8,137,204.51
55,2011,5705840.0,0.75,10,8.8,1158,294.35
56,2011,567491.0,0.75,10,8.8,103,264.52
1,2012,4816632.0,0.75,1,8.3,874,276.5
2,2012,730810.0,0.75,1,8.3,34,285.34
4,2012,6556344.0,0.75,1,8.3,1204,236.87
5,2012,2952876.0,0.75,1,8.3,362,242.82
6,2012,37944551.0,0.75,1,8.3,2116,381.79
8,2012,5193660.0,0.75,1,8.3,989,329.26
9,2012,3595211.0,0.75,1,8.3,154,387.28
10,2012,915518.0,0.75,1,8.3,320,407.11
11,2012,635737.0,0.75,1,8.3,34,578.42
12,2012,19302016.0,0.75,1,8.3,4676,267.12
13,2012,9903580.0,0.75,1,8.3,1676,251.77
15,2012,1395199.0,0.75,1,8.3,209,448.38
16,2012,1595910.0,0.75,1,8.3,322,261.83
17,2012,12883029.0,0.75,1,8.3,411,296.19
18,2012,6538989.0,0.75,1,8.3,551,239.71
19,2012,3076844.0,0.75,1,8.3,272,246.78
20,2012,2886024.0,0.75,1,8.3,209,231.65
21,2012,4387865.0,0.75,1,8.3,436,283.46
22,2012,4602067.0,0.75,1,8.3,889,239.46
23,2012,1328094.0,0.75,1,8.3,141,445.48
24,2012,5888375.0,0.75,1,8.3,894,403.46
25,2012,6664269.0,0.75,1,8.3,429,599.84
26,2012,9898289.0,0.75,1,8.3,450,227.88
27,2012,5377500.0,0.75,1,8.3,586,292.6
28,2012,2984599.0,0.75,1,8.3,354,238.62
29,2012,6026027.0,0.75,1,8.3,543,268.07
30,2012,1004168.0,0.75,1,8.3,90,349.4
31,2012,1853691.0,0.75,1,8.3,227,250.33
32,2012,2744670.0,0.75,1,8.3,428,184.99
33,2012,1324677.0,0.75,1,8.3,124,375.22
34,2012,8845671.0,0.75,1,8.3,950,456.29
35,2012,2087715.0,0.75,1,8.3,282,281.53
36,2012,19574362.0,0.75,1,8.3,1478,558.68
37,2012,9751810.0,0.75,1,8.3,3978,297.61
38,2012,702227.0,0.75,1,8.3,128,270.14
39,2012,11550971.0,0.75,1,8.3,1081,234.44
40,2012,3819320.0,0.75,1,8.3,756,202.02
41,2012,3900102.0,0.75,1,8.3,641,342.08
42,2012,12769123.0,0.75,1,8.3,1394,363.79
44,2012,1054893.0,0.75,1,8.3,49,445.4
45,2012,4719027.0,0.75,1,8.3,1341,302.48
46,2012,833859.0,0.75,1,8.3,140,293.24
47,2012,6455752.0,0.75,1,8.3,1266,279.36
48,2012,26084120.0,0.75,1,8.3,8766,219.64
49,2012,2854146.0,0.75,1,8.3,643,305.14
50,2012,626361.0,0.75,1,8.3,36,438.66
51,2012,8187456.0,0.75,1,8.3,1691,390.37
53,2012,6898599.0,0.75,1,8.3,1138,379.38
54,2012,1857446.0,0.75,1,8.3,74,202.58
55,2012,5720825.0,0.75,1,8.3,358,291.59
56,2012,576656.0,0.75,1,8.3,84,265.1
1,2012,4816632.0,0.75,4,8.2,776,274.81
2,2012,730810.0,0.75,4,8.2,101,284.71
4,2012,6556344.0,0.75,4,8.2,1705,239.75
5,2012,2952876.0,0.75,4,8.2,438,240.33
6,2012,37944551.0,0.75,4,8.2,3314,382.46
8,2012,5193660.0,0.75,4,8.2,1978,330.13
9,2012,3595211.0,0.75,4,8.2,249,383.32
10,2012,915518.0,0.75,4,8.2,352,398.56
11,2012,635737.0,0.75,4,8.2,35,582.06
12,2012,19302016.0,0.75,4,8.2,4544,265.11
13,2012,9903580.0,0.75,4,8.2,2218,247.47
15,2012,1395199.0,0.75,4,8.2,390,445.25
16,2012,1595910.0,0.75,4,8.2,654,258.75
17,2012,12883029.0,0.75,4,8.2,955,292.47
18,2012,6538989.0,0.75,4,8.2,1339,239.3
19,2012,3076844.0,0.75,4,8.2,815,246.76
20,2012,2886024.0,0.75,4,8.2,651,230.65
21,2012,4387865.0,0.75,4,8.2,518,282.41
22,2012,4602067.0,0.75,4,8.2,1084,240.0
23,2012,1328094.0,0.75,4,8.2,250,441.25
24,2012,5888375.0,0.75,4,8.2,925,399.52
25,2012,6664269.0,0.75,4,8.2,1026,598.13
26,2012,9898289.0,0.75,4,8.2,996,226.74
27,2012,5377500.0,0.75,4,8.2,1073,290.7
28,2012,2984599.0,0.75,4,8.2,455,237.22
29,2012,6026027.0,0.75,4,8.2,727,265.56
30,2012,1004168.0,0.75,4,8.2,323,348.6
31,2012,1853691.0,0.75,4,8.2,446,250.73
32,2012,2744670.0,0.75,4,8.2,767,184.29
33,2012,1324677.0,0.75,4,8.2,203,372.16
34,2012,8845671.0,0.75,4,8.2,1544,450.22
35,2012,2087715.0,0.75,4,8.2,353,279.68
36,2012,19574362.0,0.75,4,8.2,2406,553.07
37,2012,9751810.0,0.75,4,8.2,3085,294.06
38,2012,702227.0,0.75,4,8.2,634,277.6
39,2012,11550971.0,0.75,4,8.2,1451,233.28
40,2012,3819320.0,0.75,4,8.2,872,201.78
41,2012,3900102.0,0.75,4,8.2,937,338.62
42,2012,12769123.0,0.75,4,8.2,1779,362.11
44,2012,1054893.0,0.75,4,8.2,61,437.05
45,2012,4719027.0,0.75,4,8.2,1449,300.98
46,2012,833859.0,0.75,4,8.2,425,294.94
47,2012,6455752.0,0.75,4,8.2,1378,278.23
48,2012,26084120.0,0.75,4,8.2,10178,221.15
49,2012,2854146.0,0.75,4,8.2,953,303.56
50,2012,626361.0,0.75,4,8.2,129,436.73
51,2012,8187456.0,0.75,4,8.2,2018,387.81
53,2012,6898599.0,0.75,4,8.2,2059,376.15
54,2012,1857446.0,0.75,4,8.2,208,203.24
55,2012,5720825.0,0.75,4,8.2,1080,289.19
56,2012,576656.0,0.75,4,8.2,156,265.64
1,2012,4816632.0,0.75,7,8.2,1212,276.62
2,2012,730810.0,0.75,7,8.2,114,287.67
4,2012,6556344.0,0.75,7,8.2,1996,249.49
5,2012,2952876.0,0.75,7,8.2,574,243.7
6,2012,37944551.0,0.75,7,8.2,5547,391.3
8,2012,5193660.0,0.75,7,8.2,2149,335.59
9,2012,3595211.0,0.75,7,8.2,402,384.38
10,2012,915518.0,0.75,7,8.2,307,401.63
11,2012,635737.0,0.75,7,8.2,399,591.44
12,2012,19302016.0,0.75,7,8.2,5154,271.58
13,2012,9903580.0,0.75,7,8.2,2006,250.5
15,2012,1395199.0,0.75,7,8.2,270,453.53
16,2012,1595910.0,0.75,7,8.2,721,264.49
17,2012,12883029.0,0.75,7,8.2,1113,295.77
18,2012,6538989.0,0.75,7,8.2,1045,241.4
19,2012,3076844.0,0.75,7,8.2,836,248.64
20,2012,2886024.0,0.75,7,8.2,538,232.83
21,2012,4387865.0,0.75,7,8.2,653,284.63
22,2012,4602067.0,0.75,7,8.2,1049,243.64
23,2012,1328094.0,0.75,7,8.2,265,442.17
24,2012,5888375.0,0.75,7,8.2,1202,404.95
25,2012,6664269.0,0.75,7,8.2,715,602.13
26,2012,9898289.0,0.75,7,8.2,1159,231.31
27,2012,5377500.0,0.75,7,8.2,1472,295.31
28,2012,2984599.0,0.75,7,8.2,640,239.61
29,2012,6026027.0,0.75,7,8.2,666,268.47
30,2012,1004168.0,0.75,7,8.2,208,352.23
31,2012,1853691.0,0.75,7,8.2,480,251.8
32,2012,2744670.0,0.75,7,8.2,751,188.88
33,2012,1324677.0,0.75,7,8.2,235,374.09
34,2012,8845671.0,0.75,7,8.2,1909,452.65
35,2012,2087715.0,0.75,7,8.2,449,281.52
36,2012,19574362.0,0.75,7,8.2,2394,554.94
37,2012,9751810.0,0.75,7,8.2,4578,297.07
38,2012,702227.0,0.75,7,8.2,555,282.15
39,2012,11550971.0,0.75,7,8.2,1630,235.51
40,2012,3819320.0,0.75,7,8.2,729,203.35
41,2012,3900102.0,0.75,7,8.2,1160,345.81
42,2012,12769123.0,0.75,7,8.2,1983,364.03
44,2012,1054893.0,0.75,7,8.2,76,439.15
45,2012,4719027.0,0.75,7,8.2,1468,303.34
46,2012,833859.0,0.75,7,8.2,391,296.23
47,2012,6455752.0,0.75,7,8.2,1204,281.33
48,2012,26084120.0,0.75,7,8.2,12003,223.07
49,2012,2854146.0,0.75,7,8.2,1141,309.83
50,2012,626361.0,0.75,7,8.2,88,438.04
51,2012,8187456.0,0.75,7,8.2,2497,392.61
53,2012,6898599.0,0.75,7,8.2,2609,383.07
54,2012,1857446.0,0.75,7,8.2,215,204.52
55,2012,5720825.0,0.75,7,8.2,966,291.91
56,2012,576656.0,0.75,7,8.2,133,267.73
1,2012,4816632.0,0.75,10,7.8,813,277.07
2,2012,730810.0,0.75,10,7.8,99,289.84
4,2012,6556344.0,0.75,10,7.8,1758,257.01
5,2012,2952876.0,0.75,10,7.8,532,245.24
6,2012,37944551.0,0.75,10,7.8,4785,399.57
8,2012,5193660.0,0.75,10,7.8,1641,338.55
9,2012,3595211.0,0.75,10,7.8,592,385.61
10,2012,915518.0,0.75,10,7.8,324,404.38
11,2012,635737.0,0.75,10,7.8,404,603.0
12,2012,19302016.0,0.75,10,7.8,5327,275.15
13,2012,9903580.0,0.75,10,7.8,2419,253.46
15,2012,1395199.0,0.75,10,7.8,437,457.72
16,2012,1595910.0,0.75,10,7.8,505,268.4
17,2012,12883029.0,0.75,10,7.8,1503,295.85
18,2012,6538989.0,0.75,10,7.8,1408,242.1
19,2012,3076844.0,0.75,10,7.8,1163,249.72
20,2012,2886024.0,0.75,10,7.8,842,233.14
21,2012,4387865.0,0.75,10,7.8,684,285.75
22,2012,4602067.0,0.75,10,7.8,1279,243.65
23,2012,1328094.0,0.75,10,7.8,204,442.84
24,2012,5888375.0,0.75,10,7.8,1086,406.43
25,2012,6664269.0,0.75,10,7.8,770,605.04
26,2012,9898289.0,0.75,10,7.8,1344,234.43
27,2012,5377500.0,0.75,10,7.8,2035,298.53
28,2012,2984599.0,0.75,10,7.8,417,237.97
29,2012,6026027.0,0.75,10,7.8,2023,268.84
30,2012,1004168.0,0.75,10,7.8,293,357.0
31,2012,1853691.0,0.75,10,7.8,602,253.1
32,2012,2744670.0,0.75,10,7.8,698,193.85
33,2012,1324677.0,0.75,10,7.8,226,375.39
34,2012,8845671.0,0.75,10,7.8,1643,453.61
35,2012,2087715.0,0.75,10,7.8,386,282.17
36,2012,19574362.0,0.75,10,7.8,2395,556.86
37,2012,9751810.0,0.75,10,7.8,4930,298.33
38,2012,702227.0,0.75,10,7.8,979,289.66
39,2012,11550971.0,0.75,10,7.8,1672,234.97
40,2012,3819320.0,0.75,10,7.8,971,204.48
41,2012,3900102.0,0.75,10,7.8,1149,351.47
42,2012,12769123.0,0.75,10,7.8,1556,365.07
44,2012,1054893.0,0.75,10,7.8,64,441.36
45,2012,4719027.0,0.75,10,7.8,1638,303.35
46,2012,833859.0,0.75,10,7.8,539,300.2
47,2012,6455752.0,0.75,10,7.8,1655,281.82
48,2012,26084120.0,0.75,10,7.8,11773,224.73
49,2012,2854146.0,0.75,10,7.8,1167,315.21
50,2012,626361.0,0.75,10,7.8,166,438.08
51,2012,8187456.0,0.75,10,7.8,2031,394.26
53,2012,6898599.0,0.75,10,7.8,2511,387.62
54,2012,1857446.0,0.75,10,7.8,212,205.01
55,2012,5720825.0,0.75,10,7.8,1495,291.92
56,2012,576656.0,0.75,10,7.8,150,270.0
1,2013,4831586.0,0.75,1,8.0,912,274.35
2,2013,737626.0,0.75,1,8.0,56,293.15
4,2013,6634690.0,0.75,1,8.0,1780,263.37
5,2013,2960459.0,0.75,1,8.0,365,246.07
6,2013,38253768.0,0.75,1,8.0,4972,408.07
8,2013,5270774.0,0.75,1,8.0,1878,342.7
9,2013,3595792.0,0.75,1,8.0,263,383.82
10,2013,924062.0,0.75,1,8.0,317,404.43
11,2013,651559.0,0.75,1,8.0,55,612.93
12,2013,19551678.0,0.75,1,8.0,6357,279.03
13,2013,9975592.0,0.75,1,8.0,1780,253.81
15,2013,1408822.0,0.75,1,8.0,462,461.04
16,2013,1612053.0,0.75,1,8.0,350,270.97
17,2013,12895778.0,0.75,1,8.0,568,294.0
18,2013,6570575.0,0.75,1,8.0,732,242.11
19,2013,3093935.0,0.75,1,8.0,331,250.12
20,2013,2894306.0,0.75,1,8.0,595,234.01
21,2013,4406906.0,0.75,1,8.0,515,285.68
22,2013,4626040.0,0.75,1,8.0,1071,243.24
23,2013,1328543.0,0.75,1,8.0,139,445.85
24,2013,5925197.0,0.75,1,8.0,1067,406.49
25,2013,6715158.0,0.75,1,8.0,762,606.92
26,2013,9914802.0,0.75,1,8.0,734,237.07
27,2013,5414722.0,0.75,1,8.0,554,299.78
28,2013,2989839.0,0.75,1,8.0,315,238.21
29,2013,6042989.0,0.75,1,8.0,800,267.7
30,2013,1014158.0,0.75,1,8.0,159,360.04
31,2013,1865813.0,0.75,1,8.0,393,254.54
32,2013,2776956.0,0.75,1,8.0,758,200.21
33,2013,1327272.0,0.75,1,8.0,153,374.25
34,2013,8857821.0,0.75,1,8.0,1752,453.53
35,2013,2092833.0,0.75,1,8.0,501,283.42
36,2013,19626488.0,0.75,1,8.0,2188,557.49
37,2013,9846717.0,0.75,1,8.0,3832,297.73
38,2013,723149.0,0.75,1,8.0,75,294.34
39,2013,11579692.0,0.75,1,8.0,1677,233.92
40,2013,3853891.0,0.75,1,8.0,1354,204.54
41,2013,3924110.0,0.75,1,8.0,1029,354.25
42,2013,12779538.0,0.75,1,8.0,1277,365.3
44,2013,1055560.0,0.75,1,8.0,58,439.15
45,2013,4766469.0,0.75,1,8.0,1705,303.12
46,2013,842751.0,0.75,1,8.0,294,303.25
47,2013,6496943.0,0.75,1,8.0,1491,282.01
48,2013,26479646.0,0.75,1,8.0,10962,226.39
49,2013,2898773.0,0.75,1,8.0,720,318.09
50,2013,626603.0,0.75,1,8.0,32,440.07
51,2013,8255861.0,0.75,1,8.0,2501,393.78
53,2013,6966252.0,0.75,1,8.0,2368,390.43
54,2013,1854768.0,0.75,1,8.0,159,204.45
55,2013,5738012.0,0.75,1,8.0,496,290.96
56,2013,582620.0,0.75,1,8.0,74,271.01
1,2013,4831586.0,0.75,4,7.6,1093,274.87
2,2013,737626.0,0.75,4,7.6,127,293.88
4,2013,6634690.0,0.75,4,7.6,2428,275.31
5,2013,2960459.0,0.75,4,7.6,722,246.36
6,2013,38253768.0,0.75,4,7.6,7589,426.93
8,2013,5270774.0,0.75,4,7.6,1773,349.79
9,2013,3595792.0,0.75,4,7.6,364,382.17
10,2013,924062.0,0.75,4,7.6,445,404.74
11,2013,651559.0,0.75,4,7.6,53,631.16
12,2013,19551678.0,0.75,4,7.6,9457,288.36
13,2013,9975592.0,0.75,4,7.6,2881,259.79
15,2013,1408822.0,0.75,4,7.6,228,470.95
16,2013,1612053.0,0.75,4,7.6,739,273.8
17,2013,12895778.0,0.75,4,7.6,1440,295.87
18,2013,6570575.0,0.75,4,7.6,1578,242.49
19,2013,3093935.0,0.75,4,7.6,1005,251.85
20,2013,2894306.0,0.75,4,7.6,1740,232.73
21,2013,4406906.0,0.75,4,7.6,860,286.49
22,2013,4626040.0,0.75,4,7.6,1399,244.7
23,2013,1328543.0,0.75,4,7.6,291,447.93
24,2013,5925197.0,0.75,4,7.6,1740,410.21
25,2013,6715158.0,0.75,4,7.6,1068,611.98
26,2013,9914802.0,0.75,4,7.6,1413,242.09
27,2013,5414722.0,0.75,4,7.6,1450,305.38
28,2013,2989839.0,0.75,4,7.6,461,237.75
29,2013,6042989.0,0.75,4,7.6,1144,268.6
30,2013,1014158.0,0.75,4,7.6,318,362.85
31,2013,1865813.0,0.75,4,7.6,1100,257.29
32,2013,2776956.0,0.75,4,7.6,1128,212.71
33,2013,1327272.0,0.75,4,7.6,205,375.06
34,2013,8857821.0,0.75,4,7.6,1883,454.39
35,2013,2092833.0,0.75,4,7.6,344,283.32
36,2013,19626488.0,0.75,4,7.6,2593,559.05
37,2013,9846717.0,0.75,4,7.6,4668,299.27
38,2013,723149.0,0.75,4,7.6,740,301.19
39,2013,11579692.0,0.75,4,7.6,2304,234.65
40,2013,3853891.0,0.75,4,7.6,1204,206.4
41,2013,3924110.0,0.75,4,7.6,1552,364.04
42,2013,12779538.0,0.75,4,7.6,2088,366.52
44,2013,1055560.0,0.75,4,7.6,84,439.84
45,2013,4766469.0,0.75,4,7.6,1855,304.02
46,2013,842751.0,0.75,4,7.6,709,304.49
47,2013,6496943.0,0.75,4,7.6,2148,284.67
48,2013,26479646.0,0.75,4,7.6,13600,230.43
49,2013,2898773.0,0.75,4,7.6,1262,327.01
50,2013,626603.0,0.75,4,7.6,102,436.39
51,2013,8255861.0,0.75,4,7.6,2656,397.66
53,2013,6966252.0,0.75,4,7.6,2330,397.69
54,2013,1854768.0,0.75,4,7.6,366,205.51
55,2013,5738012.0,0.75,4,7.6,1603,290.85
56,2013,582620.0,0.75,4,7.6,206,273.54
1,2013,4831586.0,0.75,7,7.3,949,274.4
2,2013,737626.0,0.75,7,7.3,113,297.1
4,2013,6634690.0,0.75,7,7.3,2290,283.68
5,2013,2960459.0,0.75,7,7.3,624,247.02
6,2013,38253768.0,0.75,7,7.3,7682,448.37
8,2013,5270774.0,0.75,7,7.3,2265,358.44
9,2013,3595792.0,0.75,7,7.3,456,381.66
10,2013,924062.0,0.75,7,7.3,435,406.49
11,2013,651559.0,0.75,7,7.3,556,652.39
12,2013,19551678.0,0.75,7,7.3,7248,295.79
13,2013,9975592.0,0.75,7,7.3,2808,263.41
15,2013,1408822.0,0.75,7,7.3,219,480.02
16,2013,1612053.0,0.75,7,7.3,836,282.36
17,2013,12895778.0,0.75,7,7.3,1336,296.52
18,2013,6570575.0,0.75,7,7.3,1688,243.31
19,2013,3093935.0,0.75,7,7.3,1136,252.78
20,2013,2894306.0,0.75,7,7.3,513,235.34
21,2013,4406906.0,0.75,7,7.3,783,285.99
22,2013,4626040.0,0.75,7,7.3,1185,246.44
23,2013,1328543.0,0.75,7,7.3,271,444.76
24,2013,5925197.0,0.75,7,7.3,1254,412.02
25,2013,6715158.0,0.75,7,7.3,1880,619.44
26,2013,9914802.0,0.75,7,7.3,1445,247.78
27,2013,5414722.0,0.75,7,7.3,2071,311.84
28,2013,2989839.0,0.75,7,7.3,440,238.4
29,2013,6042989.0,0.75,7,7.3,916,269.02
30,2013,1014158.0,0.75,7,7.3,541,367.66
31,2013,1865813.0,0.75,7,7.3,735,258.74
32,2013,2776956.0,0.75,7,7.3,700,226.3
33,2013,1327272.0,0.75,7,7.3,316,379.3
34,2013,8857821.0,0.75,7,7.3,2261,454.99
35,2013,2092833.0,0.75,7,7.3,350,283.01
36,2013,19626488.0,0.75,7,7.3,2847,561.88
37,2013,9846717.0,0.75,7,7.3,3828,300.0
38,2013,723149.0,0.75,7,7.3,1002,312.13
39,2013,11579692.0,0.75,7,7.3,2288,235.84
40,2013,3853891.0,0.75,7,7.3,1200,207.51
41,2013,3924110.0,0.75,7,7.3,1633,374.34
42,2013,12779538.0,0.75,7,7.3,2596,368.2
44,2013,1055560.0,0.75,7,7.3,76,440.57
45,2013,4766469.0,0.75,7,7.3,2018,304.56
46,2013,842751.0,0.75,7,7.3,402,308.57
47,2013,6496943.0,0.75,7,7.3,2017,285.35
48,2013,26479646.0,0.75,7,7.3,12780,234.44
49,2013,2898773.0,0.75,7,7.3,1433,334.63
50,2013,626603.0,0.75,7,7.3,141,437.85
51,2013,8255861.0,0.75,7,7.3,2904,398.52
53,2013,6966252.0,0.75,7,7.3,2795,406.25
54,2013,1854768.0,0.75,7,7.3,183,207.89
55,2013,5738012.0,0.75,7,7.3,1507,291.08
56,2013,582620.0,0.75,7,7.3,193,273.68
1,2013,4831586.0,0.75,10,7.2,958,273.25
2,2013,737626.0,0.75,10,7.2,87,298.19
4,2013,6634690.0,0.75,10,7.2,1671,291.57
5,2013,2960459.0,0.75,10,7.2,498,246.72
6,2013,38253768.0,0.75,10,7.2,6405,463.29
8,2013,5270774.0,0.75,10,7.2,2166,361.63
9,2013,3595792.0,0.75,10,7.2,544,378.65
10,2013,924062.0,0.75,10,7.2,365,409.81
11,2013,651559.0,0.75,10,7.2,907,654.64
12,2013,19551678.0,0.75,10,7.2,7668,303.44
13,2013,9975592.0,0.75,10,7.2,3193,266.72
15,2013,1408822.0,0.75,10,7.2,367,491.05
16,2013,1612053.0,0.75,10,7.2,867,282.76
17,2013,12895778.0,0.75,10,7.2,1892,297.69
18,2013,6570575.0,0.75,10,7.2,1752,243.54
19,2013,3093935.0,0.75,10,7.2,1747,253.07
20,2013,2894306.0,0.75,10,7.2,661,234.61
21,2013,4406906.0,0.75,10,7.2,736,284.87
22,2013,4626040.0,0.75,10,7.2,1097,245.93
23,2013,1328543.0,0.75,10,7.2,291,442.76
24,2013,5925197.0,0.75,10,7.2,1680,412.52
25,2013,6715158.0,0.75,10,7.2,985,622.6
26,2013,9914802.0,0.75,10,7.2,1558,249.79
27,2013,5414722.0,0.75,10,7.2,1561,312.24
28,2013,2989839.0,0.75,10,7.2,393,236.83
29,2013,6042989.0,0.75,10,7.2,1607,268.54
30,2013,1014158.0,0.75,10,7.2,249,368.02
31,2013,1865813.0,0.75,10,7.2,745,260.59
32,2013,2776956.0,0.75,10,7.2,794,236.12
33,2013,1327272.0,0.75,10,7.2,267,379.88
34,2013,8857821.0,0.75,10,7.2,1993,456.26
35,2013,2092833.0,0.75,10,7.2,616,284.47
36,2013,19626488.0,0.75,10,7.2,2854,561.27
37,2013,9846717.0,0.75,10,7.2,4599,299.31
38,2013,723149.0,0.75,10,7.2,1459,316.5
39,2013,11579692.0,0.75,10,7.2,2146,235.64
40,2013,3853891.0,0.75,10,7.2,976,206.89
41,2013,3924110.0,0.75,10,7.2,1320,378.98
42,2013,12779538.0,0.75,10,7.2,1999,367.44
44,2013,1055560.0,0.75,10,7.2,93,437.66
45,2013,4766469.0,0.75,10,7.2,2197,303.86
46,2013,842751.0,0.75,10,7.2,366,309.84
47,2013,6496943.0,0.75,10,7.2,2434,287.13
48,2013,26479646.0,0.75,10,7.2,15256,237.15
49,2013,2898773.0,0.75,10,7.2,1499,338.98
50,2013,626603.0,0.75,10,7.2,144,436.61
51,2013,8255861.0,0.75,10,7.2,1852,398.43
53,2013,6966252.0,0.75,10,7.2,2904,410.14
54,2013,1854768.0,0.75,10,7.2,166,209.38
55,2013,5738012.0,0.75,10,7.2,1582,289.95
56,2013,582620.0,0.75,10,7.2,175,274.58
1,2014,4843737.0,0.75,1,6.6,835,275.29
2,2014,737075.0,0.75,1,6.6,79,295.48
4,2014,6732873.0,0.75,1,6.6,1735,297.18
5,2014,2968759.0,0.75,1,6.6,347,247.94
6,2014,38586706.0,0.75,1,6.6,4221,472.96
8,2014,5352637.0,0.75,1,6.6,1539,366.77
9,2014,3595697.0,0.75,1,6.6,533,377.6
10,2014,933131.0,0.75,1,6.6,309,408.19
11,2014,663603.0,0.75,1,6.6,300,669.74
12,2014,19853880.0,0.75,1,6.6,7585,308.04
13,2014,10071204.0,0.75,1,6.6,1723,270.86
15,2014,1415335.0,0.75,1,6.6,140,495.07
16,2014,1632248.0,0.75,1,6.6,446,287.3
17,2014,12885092.0,0.75,1,6.6,660,298.54
18,2014,6596019.0,0.75,1,6.6,960,243.27
19,2014,3110643.0,0.75,1,6.6,309,252.81
20,2014,2901861.0,0.75,1,6.6,701,235.46
21,2014,4416992.0,0.75,1,6.6,939,285.09
22,2014,4645938.0,0.75,1,6.6,1003,246.87
23,2014,1331217.0,0.75,1,6.6,178,444.82
24,2014,5960064.0,0.75,1,6.6,1233,413.77
25,2014,6764864.0,0.75,1,6.6,1076,626.7
26,2014,9932033.0,0.75,1,6.6,869,252.21
27,2014,5452665.0,0.75,1,6.6,638,314.09
28,2014,2991892.0,0.75,1,6.6,329,239.0
29,2014,6059130.0,0.75,1,6.6,933,269.08
30,2014,1022657.0,0.75,1,6.6,120,372.48
31,2014,1879955.0,0.75,1,6.6,308,260.36
32,2014,2818935.0,0.75,1,6.6,676,241.94
33,2014,1334257.0,0.75,1,6.6,109,383.49
34,2014,8867277.0,0.75,1,6.6,1387,458.77
35,2014,2090236.0,0.75,1,6.6,448,282.96
36,2014,19653431.0,0.75,1,6.6,1222,561.64
37,2014,9937295.0,0.75,1,6.6,3389,300.94
38,2014,738736.0,0.75,1,6.6,105,319.6
39,2014,11606573.0,0.75,1,6.6,920,236.08
40,2014,3879187.0,0.75,1,6.6,1159,209.36
41,2014,3965447.0,0.75,1,6.6,1236,384.56
42,2014,12792392.0,0.75,1,6.6,1482,367.53
44,2014,1056511.0,0.75,1,6.6,49,440.16
45,2014,4826858.0,0.75,1,6.6,2210,304.97
46,2014,849670.0,0.75,1,6.6,264,309.28
47,2014,6544617.0,0.75,1,6.6,2422,288.83
48,2014,26963092.0,0.75,1,6.6,12373,241.09
49,2014,2938327.0,0.75,1,6.6,1241,341.16
50,2014,625693.0,0.75,1,6.6,54,433.23
51,2014,8315430.0,0.75,1,6.6,1637,400.1
53,2014,7057531.0,0.75,1,6.6,1769,414.79
54,2014,1850569.0,0.75,1,6.6,141,208.79
55,2014,5753199.0,0.75,1,6.6,555,289.37
56,2014,583159.0,0.75,1,6.6,69,277.77
1,2014,4843737.0,0.75,4,6.2,943,276.01
2,2014,737075.0,0.75,4,6.2,132,301.53
4,2014,6732873.0,0.75,4,6.2,2687,302.5
5,2014,2968759.0,0.75,4,6.2,567,248.07
6,2014,38586706.0,0.75,4,6.2,8623,485.68
8,2014,5352637.0,0.75,4,6.2,2480,379.32
9,2014,3595697.0,0.75,4,6.2,336,380.45
10,2014,933131.0,0.75,4,6.2,382,411.88
11,2014,663603.0,0.75,4,6.2,95,685.1
12,2014,19853880.0,0.75,4,6.2,7217,316.17
13,2014,10071204.0,0.75,4,6.2,2751,277.16
15,2014,1415335.0,0.75,4,6.2,256,502.6
16,2014,1632248.0,0.75,4,6.2,806,292.49
17,2014,12885092.0,0.75,4,6.2,2417,304.03
18,2014,6596019.0,0.75,4,6.2,1547,247.25
19,2014,3110643.0,0.75,4,6.2,1496,256.28
20,2014,2901861.0,0.75,4,6.2,544,238.8
21,2014,4416992.0,0.75,4,6.2,803,289.51
22,2014,4645938.0,0.75,4,6.2,1241,249.35
23,2014,1331217.0,0.75,4,6.2,250,448.94
24,2014,5960064.0,0.75,4,6.2,1290,420.52
25,2014,6764864.0,0.75,4,6.2,1033,640.52
26,2014,9932033.0,0.75,4,6.2,1243,259.87
27,2014,5452665.0,0.75,4,6.2,1082,322.08
28,2014,2991892.0,0.75,4,6.2,451,239.26
29,2014,6059130.0,0.75,4,6.2,1621,273.71
30,2014,1022657.0,0.75,4,6.2,268,374.88
31,2014,1879955.0,0.75,4,6.2,837,266.34
32,2014,2818935.0,0.75,4,6.2,1194,249.69
33,2014,1334257.0,0.75,4,6.2,274,386.13
34,2014,8867277.0,0.75,4,6.2,1960,463.75
35,2014,2090236.0,0.75,4,6.2,336,285.1
36,2014,19653431.0,0.75,4,6.2,3226,567.43
37,2014,9937295.0,0.75,4,6.2,4433,305.06
38,2014,738736.0,0.75,4,6.2,1107,323.98
39,2014,11606573.0,0.75,4,6.2,1653,241.25
40,2014,3879187.0,0.75,4,6.2,1173,211.07
41,2014,3965447.0,0.75,4,6.2,1529,397.18
42,2014,12792392.0,0.75,4,6.2,2388,372.37
44,2014,1056511.0,0.75,4,6.2,76,447.65
45,2014,4826858.0,0.75,4,6.2,2376,310.25
46,2014,849670.0,0.75,4,6.2,745,314.54
47,2014,6544617.0,0.75,4,6.2,2445,294.52
48,2014,26963092.0,0.75,4,6.2,17725,247.39
49,2014,2938327.0,0.75,4,6.2,1267,347.45
50,2014,625693.0,0.75,4,6.2,116,438.81
51,2014,8315430.0,0.75,4,6.2,2268,406.43
53,2014,7057531.0,0.75,4,6.2,3320,425.72
54,2014,1850569.0,0.75,4,6.2,191,209.99
55,2014,5753199.0,0.75,4,6.2,1226,293.95
56,2014,583159.0,0.75,4,6.2,263,279.27
1,2014,4843737.0,0.75,7,6.2,1103,279.05
2,2014,737075.0,0.75,7,6.2,130,305.21
4,2014,6732873.0,0.75,7,6.2,2324,305.55
5,2014,2968759.0,0.75,7,6.2,408,250.03
6,2014,38586706.0,0.75,7,6.2,7347,495.85
8,2014,5352637.0,0.75,7,6.2,2980,387.72
9,2014,3595697.0,0.75,7,6.2,327,383.13
10,2014,933131.0,0.75,7,6.2,415,417.1
11,2014,663603.0,0.75,7,6.2,922,692.93
12,2014,19853880.0,0.75,7,6.2,7801,323.01
13,2014,10071204.0,0.75,7,6.2,3472,282.29
15,2014,1415335.0,0.75,7,6.2,279,512.4
16,2014,1632248.0,0.75,7,6.2,714,296.78
17,2014,12885092.0,0.75,7,6.2,2327,308.24
18,2014,6596019.0,0.75,7,6.2,2073,249.71
19,2014,3110643.0,0.75,7,6.2,954,258.93
20,2014,2901861.0,0.75,7,6.2,450,242.45
21,2014,4416992.0,0.75,7,6.2,793,290.85
22,2014,4645938.0,0.75,7,6.2,1199,253.06
23,2014,1331217.0,0.75,7,6.2,340,456.77
24,2014,5960064.0,0.75,7,6.2,1898,423.17
25,2014,6764864.0,0.75,7,6.2,1246,647.89
26,2014,9932033.0,0.75,7,6.2,1990,265.67
27,2014,5452665.0,0.75,7,6.2,1830,325.2
28,2014,2991892.0,0.75,7,6.2,852,241.67
29,2014,6059130.0,0.75,7,6.2,1261,276.1
30,2014,1022657.0,0.75,7,6.2,491,383.15
31,2014,1879955.0,0.75,7,6.2,636,268.88
32,2014,2818935.0,0.75,7,6.2,1487,258.94
33,2014,1334257.0,0.75,7,6.2,620,392.3
34,2014,8867277.0,0.75,7,6.2,3115,468.08
35,2014,2090236.0,0.75,7,6.2,310,287.54
36,2014,19653431.0,0.75,7,6.2,3683,575.91
37,2014,9937295.0,0.75,7,6.2,4684,308.05
38,2014,738736.0,0.75,7,6.2,1649,331.92
39,2014,11606573.0,0.75,7,6.2,2431,243.91
40,2014,3879187.0,0.75,7,6.2,976,214.02
41,2014,3965447.0,0.75,7,6.2,1445,403.99
42,2014,12792392.0,0.75,7,6.2,2109,374.95
44,2014,1056511.0,0.75,7,6.2,102,455.59
45,2014,4826858.0,0.75,7,6.2,2352,313.7
46,2014,849670.0,0.75,7,6.2,382,317.4
47,2014,6544617.0,0.75,7,6.2,1748,296.97
48,2014,26963092.0,0.75,7,6.2,14717,251.79
49,2014,2938327.0,0.75,7,6.2,1341,351.42
50,2014,625693.0,0.75,7,6.2,118,440.23
51,2014,8315430.0,0.75,7,6.2,2779,409.31
53,2014,7057531.0,0.75,7,6.2,3206,434.93
54,2014,1850569.0,0.75,7,6.2,204,212.27
55,2014,5753199.0,0.75,7,6.2,1435,297.11
56,2014,583159.0,0.75,7,6.2,173,283.62
1,2014,4843737.0,0.75,10,5.7,1282,280.33
2,2014,737075.0,0.75,10,5.7,145,304.57
4,2014,6732873.0,0.75,10,5.7,2019,310.58
5,2014,2968759.0,0.75,10,5.7,728,253.09
6,2014,38586706.0,0.75,10,5.7,9017,501.44
8,2014,5352637.0,0.75,10,5.7,3066,393.59
9,2014,3595697.0,0.75,10,5.7,433,382.92
10,2014,933131.0,0.75,10,5.7,539,415.88
11,2014,663603.0,0.75,10,5.7,506,708.17
12,2014,19853880.0,0.75,10,5.7,8259,328.86
13,2014,10071204.0,0.75,10,5.7,3468,284.43
15,2014,1415335.0,0.75,10,5.7,228,519.5
16,2014,1632248.0,0.75,10,5.7,950,297.71
17,2014,12885092.0,0.75,10,5.7,2007,309.54
18,2014,6596019.0,0.75,10,5.7,1696,250.98
19,2014,3110643.0,0.75,10,5.7,1133,260.11
20,2014,2901861.0,0.75,10,5.7,1067,242.36
21,2014,4416992.0,0.75,10,5.7,676,293.02
22,2014,4645938.0,0.75,10,5.7,1528,253.82
23,2014,1331217.0,0.75,10,5.7,331,454.75
24,2014,5960064.0,0.75,10,5.7,1163,426.99
25,2014,6764864.0,0.75,10,5.7,1112,652.22
26,2014,9932033.0,0.75,10,5.7,1628,267.9
27,2014,5452665.0,0.75,10,5.7,1876,326.37
28,2014,2991892.0,0.75,10,5.7,448,244.51
29,2014,6059130.0,0.75,10,5.7,1521,278.56
30,2014,1022657.0,0.75,10,5.7,408,385.17
31,2014,1879955.0,0.75,10,5.7,832,270.37
32,2014,2818935.0,0.75,10,5.7,1150,262.93
33,2014,1334257.0,0.75,10,5.7,363,394.07
34,2014,8867277.0,0.75,10,5.7,1588,470.12
35,2014,2090236.0,0.75,10,5.7,485,288.4
36,2014,19653431.0,0.75,10,5.7,2217,579.3
37,2014,9937295.0,0.75,10,5.7,4538,309.25
38,2014,738736.0,0.75,10,5.7,1555,336.76
39,2014,11606573.0,0.75,10,5.7,1887,245.0
40,2014,3879187.0,0.75,10,5.7,1260,215.0
41,2014,3965447.0,0.75,10,5.7,2097,408.17
42,2014,12792392.0,0.75,10,5.7,2017,375.71
44,2014,1056511.0,0.75,10,5.7,98,458.39
45,2014,4826858.0,0.75,10,5.7,2606,316.14
46,2014,849670.0,0.75,10,5.7,531,320.43
47,2014,6544617.0,0.75,10,5.7,3395,301.18
48,2014,26963092.0,0.75,10,5.7,13597,254.76
49,2014,2938327.0,0.75,10,5.7,1447,355.39
50,2014,625693.0,0.75,10,5.7,98,438.85
51,2014,8315430.0,0.75,10,5.7,2812,412.65
53,2014,7057531.0,0.75,10,5.7,2830,439.27
54,2014,1850569.0,0.75,10,5.7,175,212.85
55,2014,5753199.0,0.75,10,5.7,1412,298.61
56,2014,583159.0,0.75,10,5.7,140,285.45
1,2015,4854803.0,0.75,1,5.7,1025,283.36
2,2015,738430.0,0.75,1,5.7,54,307.36
4,2015,6832810.0,0.75,1,5.7,1712,313.03
5,2015,2979732.0,0.75,1,5.7,694,253.07
6,2015,38904296.0,0.75,1,5.7,7312,506.56
8,2015,5454328.0,0.75,1,5.7,1489,400.9
9,2015,3588561.0,0.75,1,5.7,264,387.52
10,2015,942065.0,0.75,1,5.7,368,422.28
11,2015,677014.0,0.75,1,5.7,22,714.67
12,2015,20219111.0,0.75,1,5.7,7781,336.26
13,2015,10183353.0,0.75,1,5.7,2445,288.54
15,2015,1422999.0,0.75,1,5.7,743,531.53
16,2015,1652495.0,0.75,1,5.7,442,303.48
17,2015,12859585.0,0.75,1,5.7,530,312.77
18,2015,6611442.0,0.75,1,5.7,681,253.73
19,2015,3122541.0,0.75,1,5.7,249,261.18
20,2015,2910717.0,0.75,1,5.7,345,244.32
21,2015,4429126.0,0.75,1,5.7,717,295.68
22,2015,4666998.0,0.75,1,5.7,1035,257.25
23,2015,1329098.0,0.75,1,5.7,186,460.74
24,2015,5988528.0,0.75,1,5.7,1220,429.32
25,2015,6797484.0,0.75,1,5.7,1733,657.93
26,2015,9934483.0,0.75,1,5.7,735,269.08
27,2015,5484002.0,0.75,1,5.7,1108,327.14
28,2015,2990231.0,0.75,1,5.7,644,246.44
29,2015,6075411.0,0.75,1,5.7,768,280.77
30,2015,1031495.0,0.75,1,5.7,136,387.98
31,2015,1892059.0,0.75,1,5.7,235,272.23
32,2015,2868531.0,0.75,1,5.7,640,267.97
33,2015,1337480.0,0.75,1,5.7,134,397.39
34,2015,8870312.0,0.75,1,5.7,1740,473.99
35,2015,2090071.0,0.75,1,5.7,275,289.74
36,2015,19657321.0,0.75,1,5.7,2353,584.57
37,2015,10037218.0,0.75,1,5.7,3544,314.21
38,2015,755537.0,0.75,1,5.7,110,340.14
39,2015,11622315.0,0.75,1,5.7,1031,246.43
40,2015,3910518.0,0.75,1,5.7,995,216.88
41,2015,4018542.0,0.75,1,5.7,798,414.69
42,2015,12789838.0,0.75,1,5.7,946,379.7
44,2015,1056886.0,0.75,1,5.7,45,462.6
45,2015,4896006.0,0.75,1,5.7,1899,321.91
46,2015,854663.0,0.75,1,5.7,151,323.0
47,2015,6595354.0,0.75,1,5.7,2027,303.83
48,2015,27468531.0,0.75,1,5.7,11515,258.63
49,2015,2983626.0,0.75,1,5.7,806,358.85
50,2015,625810.0,0.75,1,5.7,91,443.13
51,2015,8367303.0,0.75,1,5.7,2070,414.87
53,2015,7167287.0,0.75,1,5.7,3212,445.18
54,2015,1843332.0,0.75,1,5.7,129,212.22
55,2015,5762927.0,0.75,1,5.7,771,300.59
56,2015,586389.0,0.75,1,5.7,70,288.11
1,2015,4854803.0,0.75,4,5.4,1133,284.41
2,2015,738430.0,0.75,4,5.4,133,310.38
4,2015,6832810.0,0.75,4,5.4,3080,319.83
5,2015,2979732.0,0.75,4,5.4,629,253.87
6,2015,38904296.0,0.75,4,5.4,8472,518.06
8,2015,5454328.0,0.75,4,5.4,2882,417.63
9,2015,3588561.0,0.75,4,5.4,424,388.82
10,2015,942065.0,0.75,4,5.4,489,421.58
11,2015,677014.0,0.75,4,5.4,244,726.2
12,2015,20219111.0,0.75,4,5.4,8214,344.5
13,2015,10183353.0,0.75,4,5.4,3738,295.5
15,2015,1422999.0,0.75,4,5.4,595,535.22
16,2015,1652495.0,0.75,4,5.4,1130,308.83
17,2015,12859585.0,0.75,4,5.4,2016,315.59
18,2015,6611442.0,0.75,4,5.4,1611,256.89
19,2015,3122541.0,0.75,4,5.4,812,264.59
20,2015,2910717.0,0.75,4,5.4,919,247.23
21,2015,4429126.0,0.75,4,5.4,809,299.32
22,2015,4666998.0,0.75,4,5.4,1287,259.38
23,2015,1329098.0,0.75,4,5.4,262,463.8
24,2015,5988528.0,0.75,4,5.4,1410,432.24
25,2015,6797484.0,0.75,4,5.4,1045,665.83
26,2015,9934483.0,0.75,4,5.4,1874,274.81
27,2015,5484002.0,0.75,4,5.4,1324,334.12
28,2015,2990231.0,0.75,4,5.4,580,246.48
29,2015,6075411.0,0.75,4,5.4,1229,282.89
30,2015,1031495.0,0.75,4,5.4,258,393.93
31,2015,1892059.0,0.75,4,5.4,568,277.07
32,2015,2868531.0,0.75,4,5.4,1132,277.13
33,2015,1337480.0,0.75,4,5.4,279,403.68
34,2015,8870312.0,0.75,4,5.4,3732,477.73
35,2015,2090071.0,0.75,4,5.4,524,290.87
36,2015,19657321.0,0.75,4,5.4,7351,589.38
37,2015,10037218.0,0.75,4,5.4,4610,317.94
38,2015,755537.0,0.75,4,5.4,586,343.22
39,2015,11622315.0,0.75,4,5.4,1631,250.53
40,2015,3910518.0,0.75,4,5.4,886,219.83
41,2015,4018542.0,0.75,4,5.4,1146,428.87
42,2015,12789838.0,0.75,4,5.4,2903,382.4
44,2015,1056886.0,0.75,4,5.4,70,472.34
45,2015,4896006.0,0.75,4,5.4,3399,325.47
46,2015,854663.0,0.75,4,5.4,404,327.14
47,2015,6595354.0,0.75,4,5.4,3135,307.39
48,2015,27468531.0,0.75,4,5.4,15352,265.03
49,2015,2983626.0,0.75,4,5.4,1876,364.88
50,2015,625810.0,0.75,4,5.4,131,447.85
51,2015,8367303.0,0.75,4,5.4,3607,418.29
53,2015,7167287.0,0.75,4,5.4,3018,458.37
54,2015,1843332.0,0.75,4,5.4,295,217.67
55,2015,5762927.0,0.75,4,5.4,1365,303.73
56,2015,586389.0,0.75,4,5.4,226,289.34
1,2015,4854803.0,0.75,7,5.2,1004,285.9
2,2015,738430.0,0.75,7,5.2,128,313.97
4,2015,6832810.0,0.75,7,5.2,3114,326.55
5,2015,2979732.0,0.75,7,5.2,850,257.76
6,2015,38904296.0,0.75,7,5.2,8553,531.36
8,2015,5454328.0,0.75,7,5.2,2737,432.75
9,2015,3588561.0,0.75,7,5.2,696,386.71
10,2015,942065.0,0.75,7,5.2,497,425.23
11,2015,677014.0,0.75,7,5.2,317,743.67
12,2015,20219111.0,0.75,7,5.2,8339,353.0
13,2015,10183353.0,0.75,7,5.2,4295,299.58
15,2015,1422999.0,0.75,7,5.2,253,543.03
16,2015,1652495.0,0.75,7,5.2,921,315.2
17,2015,12859585.0,0.75,7,5.2,1651,316.72
18,2015,6611442.0,0.75,7,5.2,1375,257.91
19,2015,3122541.0,0.75,7,5.2,801,267.16
20,2015,2910717.0,0.75,7,5.2,712,250.29
21,2015,4429126.0,0.75,7,5.2,857,301.15
22,2015,4666998.0,0.75,7,5.2,1376,262.35
23,2015,1329098.0,0.75,7,5.2,344,466.52
24,2015,5988528.0,0.75,7,5.2,1365,432.37
25,2015,6797484.0,0.75,7,5.2,1147,676.82
26,2015,9934483.0,0.75,7,5.2,2173,279.74
27,2015,5484002.0,0.75,7,5.2,1985,339.22
28,2015,2990231.0,0.75,7,5.2,641,249.62
29,2015,6075411.0,0.75,7,5.2,1497,285.72
30,2015,1031495.0,0.75,7,5.2,314,397.41
31,2015,1892059.0,0.75,7,5.2,789,281.73
32,2015,2868531.0,0.75,7,5.2,1248,284.98
33,2015,1337480.0,0.75,7,5.2,290,408.98
34,2015,8870312.0,0.75,7,5.2,2279,478.86
35,2015,2090071.0,0.75,7,5.2,414,293.89
36,2015,19657321.0,0.75,7,5.2,3800,594.68
37,2015,10037218.0,0.75,7,5.2,4940,320.69
38,2015,755537.0,0.75,7,5.2,966,349.89
39,2015,11622315.0,0.75,7,5.2,1806,253.12
40,2015,3910518.0,0.75,7,5.2,1201,222.31
41,2015,4018542.0,0.75,7,5.2,1449,442.43
42,2015,12789838.0,0.75,7,5.2,1915,383.94
44,2015,1056886.0,0.75,7,5.2,79,474.19
45,2015,4896006.0,0.75,7,5.2,2869,328.69
46,2015,854663.0,0.75,7,5.2,625,331.03
47,2015,6595354.0,0.75,7,5.2,2571,312.84
48,2015,27468531.0,0.75,7,5.2,15556,270.77
49,2015,2983626.0,0.75,7,5.2,2126,372.09
50,2015,625810.0,0.75,7,5.2,196,447.11
51,2015,8367303.0,0.75,7,5.2,3415,420.02
53,2015,7167287.0,0.75,7,5.2,3022,471.22
54,2015,1843332.0,0.75,7,5.2,396,216.6
55,2015,5762927.0,0.75,7,5.2,1927,306.24
56,2015,586389.0,0.75,7,5.2,203,295.69
1,2015,4854803.0,0.75,10,5.0,986,288.06
2,2015,738430.0,0.75,10,5.0,137,315.0
4,2015,6832810.0,0.75,10,5.0,2617,330.93
5,2015,2979732.0,0.75,10,5.0,700,259.59
6,2015,38904296.0,0.75,10,5.0,6038,538.62
8,2015,5454328.0,0.75,10,5.0,2139,438.78
9,2015,3588561.0,0.75,10,5.0,674,386.33
10,2015,942065.0,0.75,10,5.0,459,426.32
11,2015,677014.0,0.75,10,5.0,656,758.82
12,2015,20219111.0,0.75,10,5.0,9062,360.15
13,2015,10183353.0,0.75,10,5.0,4118,301.9
15,2015,1422999.0,0.75,10,5.0,630,549.4
16,2015,1652495.0,0.75,10,5.0,770,319.82
17,2015,12859585.0,0.75,10,5.0,1553,318.18
18,2015,6611442.0,0.75,10,5.0,1892,259.74
19,2015,3122541.0,0.75,10,5.0,1021,268.75
20,2015,2910717.0,0.75,10,5.0,554,250.45
21,2015,4429126.0,0.75,10,5.0,1151,303.36
22,2015,4666998.0,0.75,10,5.0,1376,262.62
23,2015,1329098.0,0.75,10,5.0,356,469.13
24,2015,5988528.0,0.75,10,5.0,1268,433.48
25,2015,6797484.0,0.75,10,5.0,1322,680.74
26,2015,9934483.0,0.75,10,5.0,2347,281.12
27,2015,5484002.0,0.75,10,5.0,2320,339.96
28,2015,2990231.0,0.75,10,5.0,581,250.87
29,2015,6075411.0,0.75,10,5.0,1552,288.89
30,2015,1031495.0,0.75,10,5.0,635,401.7
31,2015,1892059.0,0.75,10,5.0,854,282.85
32,2015,2868531.0,0.75,10,5.0,1201,292.01
33,2015,1337480.0,0.75,10,5.0,264,408.83
34,2015,8870312.0,0.75,10,5.0,2766,479.57
35,2015,2090071.0,0.75,10,5.0,291,292.83
36,2015,19657321.0,0.75,10,5.0,3091,595.66
37,2015,10037218.0,0.75,10,5.0,4667,323.74
38,2015,755537.0,0.75,10,5.0,778,350.48
39,2015,11622315.0,0.75,10,5.0,2135,253.86
40,2015,3910518.0,0.75,10,5.0,1121,223.78
41,2015,4018542.0,0.75,10,5.0,1863,449.64
42,2015,12789838.0,0.75,10,5.0,2028,384.56
44,2015,1056886.0,0.75,10,5.0,85,477.59
45,2015,4896006.0,0.75,10,5.0,2264,332.4
46,2015,854663.0,0.75,10,5.0,486,334.58
47,2015,6595354.0,0.75,10,5.0,3352,315.66
48,2015,27468531.0,0.75,10,5.0,14789,273.19
49,2015,2983626.0,0.75,10,5.0,1603,377.15
50,2015,625810.0,0.75,10,5.0,130,445.8
51,2015,8367303.0,0.75,10,5.0,2738,422.08
53,2015,7167287.0,0.75,10,5.0,2967,479.02
54,2015,1843332.0,0.75,10,5.0,272,217.86
55,2015,5762927.0,0.75,10,5.0,1427,308.11
56,2015,586389.0,0.75,10,5.0,127,294.57
1,2016,4866824.0,1.0,1,4.8,1221,288.62
2,2016,742575.0,1.0,1,4.8,90,315.89
4,2016,6944767.0,1.0,1,4.8,2773,334.87
5,2016,2991815.0,1.0,1,4.8,615,258.11
6,2016,39149186.0,1.0,1,4.8,6962,545.65
8,2016,5543844.0,1.0,1,4.8,2149,446.56
9,2016,3579830.0,1.0,1,4.8,154,386.29
10,2016,949989.0,1.0,1,4.8,389,428.24
11,2016,687576.0,1.0,1,4.8,50,763.87
12,2016,20627237.0,1.0,1,4.8,7938,366.67
13,2016,10308442.0,1.0,1,4.8,3509,304.8
15,2016,1428885.0,1.0,1,4.8,173,564.76
16,2016,1684036.0,1.0,1,4.8,709,324.17
17,2016,12821709.0,1.0,1,4.8,1824,319.7
18,2016,6637898.0,1.0,1,4.8,999,259.9
19,2016,3133210.0,1.0,1,4.8,690,270.36
20,2016,2912977.0,1.0,1,4.8,276,252.42
21,2016,4440306.0,1.0,1,4.8,753,305.34
22,2016,4681346.0,1.0,1,4.8,1089,265.35
23,2016,1332348.0,1.0,1,4.8,178,473.49
24,2016,6007014.0,1.0,1,4.8,1056,437.3
25,2016,6827280.0,1.0,1,4.8,749,688.28
26,2016,9954117.0,1.0,1,4.8,1237,283.2
27,2016,5525360.0,1.0,1,4.8,754,341.95
28,2016,2990595.0,1.0,1,4.8,475,252.16
29,2016,6091384.0,1.0,1,4.8,1052,291.46
30,2016,1042137.0,1.0,1,4.8,160,404.98
31,2016,1906483.0,1.0,1,4.8,399,282.82
32,2016,2919555.0,1.0,1,4.8,1213,295.11
33,2016,1343694.0,1.0,1,4.8,166,412.64
34,2016,8873584.0,1.0,1,4.8,1262,482.77
35,2016,2092555.0,1.0,1,4.8,481,294.96
36,2016,19636391.0,1.0,1,4.8,1079,598.47
37,2016,10161802.0,1.0,1,4.8,2979,327.5
38,2016,756114.0,1.0,1,4.8,165,350.63
39,2016,11640060.0,1.0,1,4.8,990,255.06
40,2016,3928143.0,1.0,1,4.8,1035,223.67
41,2016,4093271.0,1.0,1,4.8,1233,459.26
42,2016,12788468.0,1.0,1,4.8,1306,386.43
44,2016,1057816.0,1.0,1,4.8,58,478.45
45,2016,4963031.0,1.0,1,4.8,1947,335.39
46,2016,863693.0,1.0,1,4.8,267,337.29
47,2016,6651277.0,1.0,1,4.8,2892,319.87
48,2016,27914064.0,1.0,1,4.8,11879,277.12
49,2016,3044241.0,1.0,1,4.8,1268,382.64
50,2016,624366.0,1.0,1,4.8,70,443.97
51,2016,8417651.0,1.0,1,4.8,2257,421.03
53,2016,7299961.0,1.0,1,4.8,2609,488.7
54,2016,1832435.0,1.0,1,4.8,138,218.77
55,2016,5775170.0,1.0,1,4.8,966,310.95
56,2016,585243.0,1.0,1,4.8,93,294.27
1,2016,4866824.0,1.0,4,5.1,1447,292.52
2,2016,742575.0,1.0,4,5.1,156,317.88
4,2016,6944767.0,1.0,4,5.1,2577,341.91
5,2016,2991815.0,1.0,4,5.1,801,262.08
6,2016,39149186.0,1.0,4,5.1,7925,555.19
8,2016,5543844.0,1.0,4,5.1,3035,462.33
9,2016,3579830.0,1.0,4,5.1,380,388.45
10,2016,949989.0,1.0,4,5.1,573,431.5
11,2016,687576.0,1.0,4,5.1,25,781.46
12,2016,20627237.0,1.0,4,5.1,9428,376.11
13,2016,10308442.0,1.0,4,5.1,4382,313.28
15,2016,1428885.0,1.0,4,5.1,309,567.79
16,2016,1684036.0,1.0,4,5.1,1049,330.34
17,2016,12821709.0,1.0,4,5.1,1311,323.92
18,2016,6637898.0,1.0,4,5.1,1635,264.81
19,2016,3133210.0,1.0,4,5.1,1349,273.07
20,2016,2912977.0,1.0,4,5.1,1239,257.5
21,2016,4440306.0,1.0,4,5.1,966,310.53
22,2016,4681346.0,1.0,4,5.1,1121,268.99
23,2016,1332348.0,1.0,4,5.1,457,477.77
24,2016,6007014.0,1.0,4,5.1,1352,442.21
25,2016,6827280.0,1.0,4,5.1,1138,697.81
26,2016,9954117.0,1.0,4,5.1,2552,289.51
27,2016,5525360.0,1.0,4,5.1,1855,349.71
28,2016,2990595.0,1.0,4,5.1,705,253.58
29,2016,6091384.0,1.0,4,5.1,2049,295.22
30,2016,1042137.0,1.0,4,5.1,338,407.26
31,2016,1906483.0,1.0,4,5.1,1008,288.68
32,2016,2919555.0,1.0,4,5.1,1552,302.58
33,2016,1343694.0,1.0,4,5.1,339,418.08
34,2016,8873584.0,1.0,4,5.1,2211,488.28
35,2016,2092555.0,1.0,4,5.1,403,299.63
36,2016,19636391.0,1.0,4,5.1,2039,608.48
37,2016,10161802.0,1.0,4,5.1,5037,332.52
38,2016,756114.0,1.0,4,5.1,476,353.11
39,2016,11640060.0,1.0,4,5.1,2289,259.54
40,2016,3928143.0,1.0,4,5.1,1125,225.79
41,2016,4093271.0,1.0,4,5.1,1529,475.93
42,2016,12788468.0,1.0,4,5.1,1712,392.45
44,2016,1057816.0,1.0,4,5.1,74,488.75
45,2016,4963031.0,1.0,4,5.1,2783,341.38
46,2016,863693.0,1.0,4,5.1,596,340.13
47,2016,6651277.0,1.0,4,5.1,3347,325.81
48,2016,27914064.0,1.0,4,5.1,12426,284.31
49,2016,3044241.0,1.0,4,5.1,1860,391.33
50,2016,624366.0,1.0,4,5.1,142,452.14
51,2016,8417651.0,1.0,4,5.1,2997,428.53
53,2016,7299961.0,1.0,4,5.1,3643,506.22
54,2016,1832435.0,1.0,4,5.1,252,219.23
55,2016,5775170.0,1.0,4,5.1,1523,315.35
56,2016,585243.0,1.0,4,5.1,171,297.48
1,2016,4866824.0,1.0,7,4.8,1024,297.43
2,2016,742575.0,1.0,7,4.8,121,319.88
4,2016,6944767.0,1.0,7,4.8,2440,347.59
5,2016,2991815.0,1.0,7,4.8,653,264.79
6,2016,39149186.0,1.0,7,4.8,6063,567.25
8,2016,5543844.0,1.0,7,4.8,2868,474.83
9,2016,3579830.0,1.0,7,4.8,285,391.61
10,2016,949989.0,1.0,7,4.8,420,436.94
11,2016,687576.0,1.0,7,4.8,67,786.08
12,2016,20627237.0,1.0,7,4.8,8950,386.55
13,2016,10308442.0,1.0,7,4.8,3690,318.92
15,2016,1428885.0,1.0,7,4.8,273,578.42
16,2016,1684036.0,1.0,7,4.8,1105,341.38
17,2016,12821709.0,1.0,7,4.8,2188,328.47
18,2016,6637898.0,1.0,7,4.8,1664,268.73
19,2016,3133210.0,1.0,7,4.8,702,277.12
20,2016,2912977.0,1.0,7,4.8,922,261.44
21,2016,4440306.0,1.0,7,4.8,926,314.01
22,2016,4681346.0,1.0,7,4.8,1040,271.29
23,2016,1332348.0,1.0,7,4.8,471,488.19
24,2016,6007014.0,1.0,7,4.8,1040,447.73
25,2016,6827280.0,1.0,7,4.8,1330,710.12
26,2016,9954117.0,1.0,7,4.8,2892,294.96
27,2016,5525360.0,1.0,7,4.8,2063,354.99
28,2016,2990595.0,1.0,7,4.8,563,254.57
29,2016,6091384.0,1.0,7,4.8,1522,299.82
30,2016,1042137.0,1.0,7,4.8,260,414.4
31,2016,1906483.0,1.0,7,4.8,779,293.84
32,2016,2919555.0,1.0,7,4.8,1422,311.67
33,2016,1343694.0,1.0,7,4.8,259,425.51
34,2016,8873584.0,1.0,7,4.8,1588,492.93
35,2016,2092555.0,1.0,7,4.8,301,301.56
36,2016,19636391.0,1.0,7,4.8,2941,616.71
37,2016,10161802.0,1.0,7,4.8,5922,339.08
38,2016,756114.0,1.0,7,4.8,534,357.26
39,2016,11640060.0,1.0,7,4.8,1822,264.9
40,2016,3928143.0,1.0,7,4.8,1072,228.43
41,2016,4093271.0,1.0,7,4.8,2128,490.28
42,2016,12788468.0,1.0,7,4.8,1363,396.56
44,2016,1057816.0,1.0,7,4.8,71,497.49
45,2016,4963031.0,1.0,7,4.8,2830,348.92
46,2016,863693.0,1.0,7,4.8,334,346.74
47,2016,6651277.0,1.0,7,4.8,2910,331.63
48,2016,27914064.0,1.0,7,4.8,13977,289.97
49,2016,3044241.0,1.0,7,4.8,1700,400.27
50,2016,624366.0,1.0,7,4.8,128,456.79
51,2016,8417651.0,1.0,7,4.8,2459,432.28
53,2016,7299961.0,1.0,7,4.8,3305,521.38
54,2016,1832435.0,1.0,7,4.8,254,221.06
55,2016,5775170.0,1.0,7,4.8,1329,319.53
56,2016,585243.0,1.0,7,4.8,155,300.0
1,2016,4866824.0,1.0,10,4.9,1080,296.56
2,2016,742575.0,1.0,10,4.9,117,317.99
4,2016,6944767.0,1.0,10,4.9,2174,353.22
5,2016,2991815.0,1.0,10,4.9,813,266.25
6,2016,39149186.0,1.0,10,4.9,8274,574.12
8,2016,5543844.0,1.0,10,4.9,4076,481.66
9,2016,3579830.0,1.0,10,4.9,524,392.36
10,2016,949989.0,1.0,10,4.9,500,439.43
11,2016,687576.0,1.0,10,4.9,679,800.32
12,2016,20627237.0,1.0,10,4.9,10156,392.93
13,2016,10308442.0,1.0,10,4.9,4730,321.55
15,2016,1428885.0,1.0,10,4.9,178,583.92
16,2016,1684036.0,1.0,10,4.9,918,342.56
17,2016,12821709.0,1.0,10,4.9,3302,329.5
18,2016,6637898.0,1.0,10,4.9,1815,270.29
19,2016,3133210.0,1.0,10,4.9,1182,278.37
20,2016,2912977.0,1.0,10,4.9,611,263.27
21,2016,4440306.0,1.0,10,4.9,999,315.88
22,2016,4681346.0,1.0,10,4.9,1257,272.87
23,2016,1332348.0,1.0,10,4.9,354,492.0
24,2016,6007014.0,1.0,10,4.9,987,449.3
25,2016,6827280.0,1.0,10,4.9,1052,716.61
26,2016,9954117.0,1.0,10,4.9,2360,297.17
27,2016,5525360.0,1.0,10,4.9,2401,357.05
28,2016,2990595.0,1.0,10,4.9,554,259.09
29,2016,6091384.0,1.0,10,4.9,1845,301.33
30,2016,1042137.0,1.0,10,4.9,426,416.07
31,2016,1906483.0,1.0,10,4.9,819,294.71
32,2016,2919555.0,1.0,10,4.9,1044,315.97
33,2016,1343694.0,1.0,10,4.9,391,427.73
34,2016,8873584.0,1.0,10,4.9,1594,494.84
35,2016,2092555.0,1.0,10,4.9,314,305.76
36,2016,19636391.0,1.0,10,4.9,2642,622.41
37,2016,10161802.0,1.0,10,4.9,4786,340.89
38,2016,756114.0,1.0,10,4.9,481,356.43
39,2016,11640060.0,1.0,10,4.9,1811,264.51
40,2016,3928143.0,1.0,10,4.9,927,228.3
41,2016,4093271.0,1.0,10,4.9,1529,497.9
42,2016,12788468.0,1.0,10,4.9,1989,397.46
44,2016,1057816.0,1.0,10,4.9,99,505.01
45,2016,4963031.0,1.0,10,4.9,2223,349.84
46,2016,863693.0,1.0,10,4.9,454,349.11
47,2016,6651277.0,1.0,10,4.9,2923,336.22
48,2016,27914064.0,1.0,10,4.9,12128,293.26
49,2016,3044241.0,1.0,10,4.9,2764,405.03
50,2016,624366.0,1.0,10,4.9,167,455.47
51,2016,8417651.0,1.0,10,4.9,1709,434.33
53,2016,7299961.0,1.0,10,4.9,4078,528.77
54,2016,1832435.0,1.0,10,4.9,284,222.37
55,2016,5775170.0,1.0,10,4.9,2038,321.64
56,2016,585243.0,1.0,10,4.9,144,300.05
1,2017,4877989.0,1.25,1,4.7,1083,298.2
2,2017,740983.0,1.25,1,4.7,70,319.44
4,2017,7048088.0,1.25,1,4.7,2484,358.4
5,2017,3003855.0,1.25,1,4.7,754,269.01
6,2017,39337785.0,1.25,1,4.7,5376,580.62
8,2017,5617421.0,1.25,1,4.7,3146,490.17
9,2017,3575324.0,1.25,1,4.7,317,386.74
10,2017,957942.0,1.25,1,4.7,396,439.17
11,2017,697079.0,1.25,1,4.7,155,798.79
12,2017,20977089.0,1.25,1,4.7,10023,400.41
13,2017,10417031.0,1.25,1,4.7,4423,324.04
15,2017,1425763.0,1.25,1,4.7,252,585.04
16,2017,1719745.0,1.25,1,4.7,413,349.28
17,2017,12779893.0,1.25,1,4.7,751,328.4
18,2017,6662068.0,1.25,1,4.7,1124,270.86
19,2017,3143734.0,1.25,1,4.7,416,280.37
20,2017,2910892.0,1.25,1,4.7,497,262.95
21,2017,4455590.0,1.25,1,4.7,698,318.71
22,2017,4673673.0,1.25,1,4.7,1121,271.31
23,2017,1335743.0,1.25,1,4.7,208,495.56
24,2017,6028186.0,1.25,1,4.7,1042,447.31
25,2017,6863560.0,1.25,1,4.7,784,720.8
26,2017,9976752.0,1.25,1,4.7,1208,301.07
27,2017,5569283.0,1.25,1,4.7,1521,360.65
28,2017,2990674.0,1.25,1,4.7,920,258.78
29,2017,6111382.0,1.25,1,4.7,1070,302.65
30,2017,1053862.0,1.25,1,4.7,134,422.6
31,2017,1916998.0,1.25,1,4.7,351,298.43
32,2017,2972097.0,1.25,1,4.7,1314,319.91
33,2017,1350395.0,1.25,1,4.7,172,430.83
34,2017,8888147.0,1.25,1,4.7,2104,490.56
35,2017,2092844.0,1.25,1,4.7,280,304.48
36,2017,19593849.0,1.25,1,4.7,4548,624.27
37,2017,10275758.0,1.25,1,4.7,4304,342.77
38,2017,756755.0,1.25,1,4.7,65,358.82
39,2017,11665706.0,1.25,1,4.7,2037,265.99
40,2017,3933602.0,1.25,1,4.7,964,231.14
41,2017,4147294.0,1.25,1,4.7,1464,503.69
42,2017,12794679.0,1.25,1,4.7,1353,398.47
44,2017,1056554.0,1.25,1,4.7,84,508.23
45,2017,5027102.0,1.25,1,4.7,2633,353.82
46,2017,873732.0,1.25,1,4.7,257,351.65
47,2017,6714748.0,1.25,1,4.7,2322,340.23
48,2017,28291024.0,1.25,1,4.7,15236,297.14
49,2017,3103540.0,1.25,1,4.7,1380,412.32
50,2017,625132.0,1.25,1,4.7,66,456.92
51,2017,8471011.0,1.25,1,4.7,2282,433.68
53,2017,7427951.0,1.25,1,4.7,2777,538.7
54,2017,1818683.0,1.25,1,4.7,206,219.7
55,2017,5793147.0,1.25,1,4.7,679,324.72
56,2017,579994.0,1.25,1,4.7,63,298.32
1,2017,4877989.0,1.5,4,4.5,1035,301.83
2,2017,740983.0,1.5,4,4.5,182,319.95
4,2017,7048088.0,1.5,4,4.5,3255,367.91
5,2017,3003855.0,1.5,4,4.5,1065,270.58
6,2017,39337785.0,1.5,4,4.5,9622,592.74
8,2017,5617421.0,1.5,4,4.5,3986,507.63
9,2017,3575324.0,1.5,4,4.5,253,392.3
10,2017,957942.0,1.5,4,4.5,565,440.91
11,2017,697079.0,1.5,4,4.5,374,817.21
12,2017,20977089.0,1.5,4,4.5,10962,410.39
13,2017,10417031.0,1.5,4,4.5,3524,332.59
15,2017,1425763.0,1.5,4,4.5,186,593.7
16,2017,1719745.0,1.5,4,4.5,1178,363.25
17,2017,12779893.0,1.5,4,4.5,2859,332.54
18,2017,6662068.0,1.5,4,4.5,1792,276.15
19,2017,3143734.0,1.5,4,4.5,1065,284.0
20,2017,2910892.0,1.5,4,4.5,701,270.31
21,2017,4455590.0,1.5,4,4.5,933,325.2
22,2017,4673673.0,1.5,4,4.5,1178,275.31
23,2017,1335743.0,1.5,4,4.5,495,500.74
24,2017,6028186.0,1.5,4,4.5,1380,455.7
25,2017,6863560.0,1.5,4,4.5,876,739.9
26,2017,9976752.0,1.5,4,4.5,2085,309.44
27,2017,5569283.0,1.5,4,4.5,1973,371.36
28,2017,2990674.0,1.5,4,4.5,760,259.08
29,2017,6111382.0,1.5,4,4.5,1373,309.05
30,2017,1053862.0,1.5,4,4.5,392,427.97
31,2017,1916998.0,1.5,4,4.5,588,306.89
32,2017,2972097.0,1.5,4,4.5,1771,330.77
33,2017,1350395.0,1.5,4,4.5,311,440.44
34,2017,8888147.0,1.5,4,4.5,1583,498.64
35,2017,2092844.0,1.5,4,4.5,386,307.45
36,2017,19593849.0,1.5,4,4.5,4168,634.76
37,2017,10275758.0,1.5,4,4.5,3877,353.08
38,2017,756755.0,1.5,4,4.5,416,357.39
39,2017,11665706.0,1.5,4,4.5,1761,273.63
40,2017,3933602.0,1.5,4,4.5,947,234.35
41,2017,4147294.0,1.5,4,4.5,1071,519.8
42,2017,12794679.0,1.5,4,4.5,1777,405.91
44,2017,1056554.0,1.5,4,4.5,65,518.17
45,2017,5027102.0,1.5,4,4.5,2477,360.17
46,2017,873732.0,1.5,4,4.5,535,359.39
47,2017,6714748.0,1.5,4,4.5,2799,348.61
48,2017,28291024.0,1.5,4,4.5,13677,306.06
49,2017,3103540.0,1.5,4,4.5,1910,425.99
50,2017,625132.0,1.5,4,4.5,123,461.56
51,2017,8471011.0,1.5,4,4.5,2421,442.77
53,2017,7427951.0,1.5,4,4.5,3838,559.78
54,2017,1818683.0,1.5,4,4.5,245,221.53
55,2017,5793147.0,1.5,4,4.5,1642,332.51
56,2017,579994.0,1.5,4,4.5,196,301.72
1,2017,4877989.0,1.75,7,4.3,1159,304.79
2,2017,740983.0,1.75,7,4.3,119,323.34
4,2017,7048088.0,1.75,7,4.3,2487,375.72
5,2017,3003855.0,1.75,7,4.3,1087,274.11
6,2017,39337785.0,1.75,7,4.3,7950,604.41
8,2017,5617421.0,1.75,7,4.3,3089,515.35
9,2017,3575324.0,1.75,7,4.3,430,394.76
10,2017,957942.0,1.75,7,4.3,608,442.2
11,2017,697079.0,1.75,7,4.3,455,829.55
12,2017,20977089.0,1.75,7,4.3,9896,417.5
13,2017,10417031.0,1.75,7,4.3,4311,338.06
15,2017,1425763.0,1.75,7,4.3,276,602.19
16,2017,1719745.0,1.75,7,4.3,928,371.05
17,2017,12779893.0,1.75,7,4.3,1419,336.58
18,2017,6662068.0,1.75,7,4.3,1551,280.91
19,2017,3143734.0,1.75,7,4.3,915,287.64
20,2017,2910892.0,1.75,7,4.3,607,272.86
21,2017,4455590.0,1.75,7,4.3,939,329.93
22,2017,4673673.0,1.75,7,4.3,1137,278.78
23,2017,1335743.0,1.75,7,4.3,412,510.45
24,2017,6028186.0,1.75,7,4.3,1428,459.39
25,2017,6863560.0,1.75,7,4.3,1970,750.43
26,2017,9976752.0,1.75,7,4.3,2113,315.65
27,2017,5569283.0,1.75,7,4.3,1590,376.52
28,2017,2990674.0,1.75,7,4.3,665,261.96
29,2017,6111382.0,1.75,7,4.3,1133,312.86
30,2017,1053862.0,1.75,7,4.3,383,436.58
31,2017,1916998.0,1.75,7,4.3,1104,310.56
32,2017,2972097.0,1.75,7,4.3,1576,341.2
33,2017,1350395.0,1.75,7,4.3,352,448.19
34,2017,8888147.0,1.75,7,4.3,2462,504.92
35,2017,2092844.0,1.75,7,4.3,424,313.42
36,2017,19593849.0,1.75,7,4.3,2990,647.56
37,2017,10275758.0,1.75,7,4.3,6242,357.72
38,2017,756755.0,1.75,7,4.3,309,361.49
39,2017,11665706.0,1.75,7,4.3,1929,277.29
40,2017,3933602.0,1.75,7,4.3,773,235.41
41,2017,4147294.0,1.75,7,4.3,1800,528.88
42,2017,12794679.0,1.75,7,4.3,1812,411.06
44,2017,1056554.0,1.75,7,4.3,106,528.32
45,2017,5027102.0,1.75,7,4.3,3162,367.36
46,2017,873732.0,1.75,7,4.3,362,364.75
47,2017,6714748.0,1.75,7,4.3,3192,355.78
48,2017,28291024.0,1.75,7,4.3,12493,310.7
49,2017,3103540.0,1.75,7,4.3,2421,435.8
50,2017,625132.0,1.75,7,4.3,139,461.67
51,2017,8471011.0,1.75,7,4.3,2669,445.17
53,2017,7427951.0,1.75,7,4.3,3593,576.77
54,2017,1818683.0,1.75,7,4.3,204,222.72
55,2017,5793147.0,1.75,7,4.3,1694,336.76
56,2017,579994.0,1.75,7,4.3,140,302.45
1,2017,4877989.0,1.75,10,4.1,1126,306.8
2,2017,740983.0,1.75,10,4.1,133,324.51
4,2017,7048088.0,1.75,10,4.1,3706,379.8
5,2017,3003855.0,1.75,10,4.1,862,275.88
6,2017,39337785.0,1.75,10,4.1,10335,613.22
8,2017,5617421.0,1.75,10,4.1,3173,523.02
9,2017,3575324.0,1.75,10,4.1,561,394.61
10,2017,957942.0,1.75,10,4.1,542,445.81
11,2017,697079.0,1.75,10,4.1,1395,834.49
12,2017,20977089.0,1.75,10,4.1,10721,425.57
13,2017,10417031.0,1.75,10,4.1,4285,341.3
15,2017,1425763.0,1.75,10,4.1,413,605.51
16,2017,1719745.0,1.75,10,4.1,1434,377.21
17,2017,12779893.0,1.75,10,4.1,2085,337.38
18,2017,6662068.0,1.75,10,4.1,1635,283.3
19,2017,3143734.0,1.75,10,4.1,1428,288.67
20,2017,2910892.0,1.75,10,4.1,577,273.64
21,2017,4455590.0,1.75,10,4.1,848,330.47
22,2017,4673673.0,1.75,10,4.1,1168,279.87
23,2017,1335743.0,1.75,10,4.1,341,516.09
24,2017,6028186.0,1.75,10,4.1,918,462.27
25,2017,6863560.0,1.75,10,4.1,1568,756.98
26,2017,9976752.0,1.75,10,4.1,2972,317.37
27,2017,5569283.0,1.75,10,4.1,2373,377.96
28,2017,2990674.0,1.75,10,4.1,651,263.5
29,2017,6111382.0,1.75,10,4.1,2568,315.06
30,2017,1053862.0,1.75,10,4.1,466,438.02
31,2017,1916998.0,1.75,10,4.1,578,312.23
32,2017,2972097.0,1.75,10,4.1,1597,350.14
33,2017,1350395.0,1.75,10,4.1,280,451.99
34,2017,8888147.0,1.75,10,4.1,2669,506.44
35,2017,2092844.0,1.75,10,4.1,434,314.35
36,2017,19593849.0,1.75,10,4.1,3116,653.72
37,2017,10275758.0,1.75,10,4.1,5899,359.38
38,2017,756755.0,1.75,10,4.1,612,360.3
39,2017,11665706.0,1.75,10,4.1,2093,278.3
40,2017,3933602.0,1.75,10,4.1,1037,236.7
41,2017,4147294.0,1.75,10,4.1,1643,532.29
42,2017,12794679.0,1.75,10,4.1,1726,412.1
44,2017,1056554.0,1.75,10,4.1,99,534.67
45,2017,5027102.0,1.75,10,4.1,2867,369.67
46,2017,873732.0,1.75,10,4.1,559,365.85
47,2017,6714748.0,1.75,10,4.1,3259,360.23
48,2017,28291024.0,1.75,10,4.1,15098,313.66
49,2017,3103540.0,1.75,10,4.1,2446,441.61
50,2017,625132.0,1.75,10,4.1,131,470.19
51,2017,8471011.0,1.75,10,4.1,2950,447.06
53,2017,7427951.0,1.75,10,4.1,4392,585.02
54,2017,1818683.0,1.75,10,4.1,246,226.03
55,2017,5793147.0,1.75,10,4.1,1852,337.2
56,2017,579994.0,1.75,10,4.1,146,306.1
1,2018,4891628.0,2.0,1,4.0,1212,310.4
2,2018,736624.0,2.0,1,4.0,111,322.32
4,2018,7164228.0,2.0,1,4.0,3531,387.99
5,2018,3012161.0,2.0,1,4.0,1278,278.96
6,2018,39437463.0,2.0,1,4.0,8730,623.75
8,2018,5697155.0,2.0,1,4.0,3875,536.72
9,2018,3574561.0,2.0,1,4.0,342,393.03
10,2018,966985.0,2.0,1,4.0,501,452.97
11,2018,704147.0,2.0,1,4.0,87,847.01
12,2018,21254926.0,2.0,1,4.0,11346,434.09
13,2018,10519389.0,2.0,1,4.0,5010,349.58
15,2018,1423102.0,2.0,1,4.0,224,612.37
16,2018,1752074.0,2.0,1,4.0,911,389.17
17,2018,12724685.0,2.0,1,4.0,733,339.1
18,2018,6698481.0,2.0,1,4.0,1008,287.82
19,2018,3149900.0,2.0,1,4.0,459,290.0
20,2018,2912748.0,2.0,1,4.0,451,277.84
21,2018,4464273.0,2.0,1,4.0,854,335.39
22,2018,4664450.0,2.0,1,4.0,1168,280.05
23,2018,1340123.0,2.0,1,4.0,193,521.62
24,2018,6042153.0,2.0,1,4.0,1360,464.89
25,2018,6885720.0,2.0,1,4.0,1369,765.37
26,2018,9987286.0,2.0,1,4.0,1209,321.42
27,2018,5608762.0,2.0,1,4.0,1706,383.32
28,2018,2982879.0,2.0,1,4.0,453,265.86
29,2018,6125986.0,2.0,1,4.0,840,319.78
30,2018,1061818.0,2.0,1,4.0,138,444.81
31,2018,1925512.0,2.0,1,4.0,313,315.57
32,2018,3030725.0,2.0,1,4.0,1189,361.0
33,2018,1355064.0,2.0,1,4.0,332,458.55
34,2018,8891730.0,2.0,1,4.0,1510,510.1
35,2018,2093754.0,2.0,1,4.0,393,315.78
36,2018,19544098.0,2.0,1,4.0,2382,660.69
37,2018,10391358.0,2.0,1,4.0,6168,365.88
38,2018,760062.0,2.0,1,4.0,36,361.84
39,2018,11680892.0,2.0,1,4.0,1487,282.09
40,2018,3943488.0,2.0,1,4.0,905,237.52
41,2018,4183538.0,2.0,1,4.0,1905,540.05
42,2018,12809107.0,2.0,1,4.0,1256,416.99
44,2018,1059338.0,2.0,1,4.0,59,545.07
45,2018,5091702.0,2.0,1,4.0,2811,377.77
46,2018,879386.0,2.0,1,4.0,166,370.85
47,2018,6778180.0,2.0,1,4.0,2760,365.88
48,2018,28624564.0,2.0,1,4.0,15207,317.79
49,2018,3155153.0,2.0,1,4.0,2363,451.06
50,2018,624802.0,2.0,1,4.0,57,471.65
51,2018,8510920.0,2.0,1,4.0,2437,452.21
53,2018,7526793.0,2.0,1,4.0,2838,598.96
54,2018,1805953.0,2.0,1,4.0,159,226.28
55,2018,5809319.0,2.0,1,4.0,766,342.14
56,2018,579054.0,2.0,1,4.0,76,311.38
1,2018,4891628.0,2.25,4,4.0,1353,315.08
2,2018,736624.0,2.25,4,4.0,129,326.57
4,2018,7164228.0,2.25,4,4.0,4261,395.94
5,2018,3012161.0,2.25,4,4.0,1088,281.04
6,2018,39437463.0,2.25,4,4.0,10136,635.74
8,2018,5697155.0,2.25,4,4.0,3672,550.47
9,2018,3574561.0,2.25,4,4.0,290,396.37
10,2018,966985.0,2.25,4,4.0,532,456.07
11,2018,704147.0,2.25,4,4.0,63,858.54
12,2018,21254926.0,2.25,4,4.0,13793,442.29
13,2018,10519389.0,2.25,4,4.0,4471,357.77
15,2018,1423102.0,2.25,4,4.0,265,617.09
16,2018,1752074.0,2.25,4,4.0,1117,406.52
17,2018,12724685.0,2.25,4,4.0,1985,341.14
18,2018,6698481.0,2.25,4,4.0,2345,294.9
19,2018,3149900.0,2.25,4,4.0,1294,295.44
20,2018,2912748.0,2.25,4,4.0,792,283.16
21,2018,4464273.0,2.25,4,4.0,1769,339.42
22,2018,4664450.0,2.25,4,4.0,1480,280.55
23,2018,1340123.0,2.25,4,4.0,343,531.28
24,2018,6042153.0,2.25,4,4.0,1555,469.17
25,2018,6885720.0,2.25,4,4.0,813,780.06
26,2018,9987286.0,2.25,4,4.0,2129,329.5
27,2018,5608762.0,2.25,4,4.0,1860,392.22
28,2018,2982879.0,2.25,4,4.0,676,265.72
29,2018,6125986.0,2.25,4,4.0,1487,324.97
30,2018,1061818.0,2.25,4,4.0,422,453.92
31,2018,1925512.0,2.25,4,4.0,1410,322.15
32,2018,3030725.0,2.25,4,4.0,1510,376.25
33,2018,1355064.0,2.25,4,4.0,226,468.05
34,2018,8891730.0,2.25,4,4.0,1611,514.24
35,2018,2093754.0,2.25,4,4.0,429,320.55
36,2018,19544098.0,2.25,4,4.0,2300,668.92
37,2018,10391358.0,2.25,4,4.0,6368,374.63
38,2018,760062.0,2.25,4,4.0,321,363.26
39,2018,11680892.0,2.25,4,4.0,2089,288.31
40,2018,3943488.0,2.25,4,4.0,940,241.09
41,2018,4183538.0,2.25,4,4.0,1595,553.44
42,2018,12809107.0,2.25,4,4.0,2062,422.8
44,2018,1059338.0,2.25,4,4.0,93,551.99
45,2018,5091702.0,2.25,4,4.0,3219,382.11
46,2018,879386.0,2.25,4,4.0,467,374.4
47,2018,6778180.0,2.25,4,4.0,3658,374.26
48,2018,28624564.0,2.25,4,4.0,19795,324.72
49,2018,3155153.0,2.25,4,4.0,2028,465.89
50,2018,624802.0,2.25,4,4.0,100,477.86
51,2018,8510920.0,2.25,4,4.0,2909,457.35
53,2018,7526793.0,2.25,4,4.0,4150,620.36
54,2018,1805953.0,2.25,4,4.0,296,229.42
55,2018,5809319.0,2.25,4,4.0,2015,350.6
56,2018,579054.0,2.25,4,4.0,149,309.81
1,2018,4891628.0,2.5,7,3.8,1278,317.94
2,2018,736624.0,2.5,7,3.8,133,326.27
4,2018,7164228.0,2.5,7,3.8,4509,405.21
5,2018,3012161.0,2.5,7,3.8,774,283.64
6,2018,39437463.0,2.5,7,3.8,9497,643.76
8,2018,5697155.0,2.5,7,3.8,3283,558.69
9,2018,3574561.0,2.5,7,3.8,494,399.78
10,2018,966985.0,2.5,7,3.8,499,457.89
11,2018,704147.0,2.5,7,3.8,30,862.93
12,2018,21254926.0,2.5,7,3.8,12952,449.37
13,2018,10519389.0,2.5,7,3.8,4666,363.34
15,2018,1423102.0,2.5,7,3.8,270,622.85
16,2018,1752074.0,2.5,7,3.8,1205,417.83
17,2018,12724685.0,2.5,7,3.8,1621,342.42
18,2018,6698481.0,2.5,7,3.8,1958,298.32
19,2018,3149900.0,2.5,7,3.8,1365,297.82
20,2018,2912748.0,2.5,7,3.8,714,284.19
21,2018,4464273.0,2.5,7,3.8,1097,342.44
22,2018,4664450.0,2.5,7,3.8,1148,282.39
23,2018,1340123.0,2.5,7,3.8,347,537.95
24,2018,6042153.0,2.5,7,3.8,1810,470.02
25,2018,6885720.0,2.5,7,3.8,1038,789.45
26,2018,9987286.0,2.5,7,3.8,1645,334.57
27,2018,5608762.0,2.5,7,3.8,2595,396.98
28,2018,2982879.0,2.5,7,3.8,677,267.22
29,2018,6125986.0,2.5,7,3.8,897,328.19
30,2018,1061818.0,2.5,7,3.8,398,458.2
31,2018,1925512.0,2.5,7,3.8,604,327.03
32,2018,3030725.0,2.5,7,3.8,1236,387.23
33,2018,1355064.0,2.5,7,3.8,321,474.67
34,2018,8891730.0,2.5,7,3.8,1960,518.08
35,2018,2093754.0,2.5,7,3.8,413,324.01
36,2018,19544098.0,2.5,7,3.8,4095,679.91
37,2018,10391358.0,2.5,7,3.8,6055,379.41
38,2018,760062.0,2.5,7,3.8,308,362.7
39,2018,11680892.0,2.5,7,3.8,2603,292.64
40,2018,3943488.0,2.5,7,3.8,794,242.28
41,2018,4183538.0,2.5,7,3.8,1345,559.49
42,2018,12809107.0,2.5,7,3.8,2597,426.81
44,2018,1059338.0,2.5,7,3.8,99,559.76
45,2018,5091702.0,2.5,7,3.8,3021,387.52
46,2018,879386.0,2.5,7,3.8,365,379.72
47,2018,6778180.0,2.5,7,3.8,3744,379.47
48,2018,28624564.0,2.5,7,3.8,16171,328.7
49,2018,3155153.0,2.5,7,3.8,2032,475.57
50,2018,624802.0,2.5,7,3.8,187,479.62
51,2018,8510920.0,2.5,7,3.8,2956,459.88
53,2018,7526793.0,2.5,7,3.8,3023,627.18
54,2018,1805953.0,2.5,7,3.8,206,228.89
55,2018,5809319.0,2.5,7,3.8,1829,354.89
56,2018,579054.0,2.5,7,3.8,169,315.09
1,2018,4891628.0,2.75,10,3.8,1130,318.77
2,2018,736624.0,2.75,10,3.8,129,326.35
4,2018,7164228.0,2.75,10,3.8,3156,409.71
5,2018,3012161.0,2.75,10,3.8,707,285.93
6,2018,39437463.0,2.75,10,3.8,8745,643.63
8,2018,5697155.0,2.75,10,3.8,3326,560.46
9,2018,3574561.0,2.75,10,3.8,439,398.2
10,2018,966985.0,2.75,10,3.8,569,461.42
11,2018,704147.0,2.75,10,3.8,1023,875.38
12,2018,21254926.0,2.75,10,3.8,12123,452.76
13,2018,10519389.0,2.75,10,3.8,5778,365.38
15,2018,1423102.0,2.75,10,3.8,364,626.12
16,2018,1752074.0,2.75,10,3.8,1329,425.03
17,2018,12724685.0,2.75,10,3.8,2117,341.95
18,2018,6698481.0,2.75,10,3.8,2083,300.6
19,2018,3149900.0,2.75,10,3.8,1452,298.26
20,2018,2912748.0,2.75,10,3.8,1340,287.09
21,2018,4464273.0,2.75,10,3.8,1303,344.01
22,2018,4664450.0,2.75,10,3.8,1285,282.66
23,2018,1340123.0,2.75,10,3.8,485,541.07
24,2018,6042153.0,2.75,10,3.8,1271,468.08
25,2018,6885720.0,2.75,10,3.8,1155,790.59
26,2018,9987286.0,2.75,10,3.8,2936,335.52
27,2018,5608762.0,2.75,10,3.8,2631,396.42
28,2018,2982879.0,2.75,10,3.8,695,269.17
29,2018,6125986.0,2.75,10,3.8,1671,330.99
30,2018,1061818.0,2.75,10,3.8,420,463.91
31,2018,1925512.0,2.75,10,3.8,690,328.09
32,2018,3030725.0,2.75,10,3.8,1736,393.1
33,2018,1355064.0,2.75,10,3.8,447,476.79
34,2018,8891730.0,2.75,10,3.8,2376,518.58
35,2018,2093754.0,2.75,10,3.8,423,326.47
36,2018,19544098.0,2.75,10,3.8,2748,680.85
37,2018,10391358.0,2.75,10,3.8,5022,381.84
38,2018,760062.0,2.75,10,3.8,342,365.01
39,2018,11680892.0,2.75,10,3.8,2167,293.27
40,2018,3943488.0,2.75,10,3.8,1092,243.04
41,2018,4183538.0,2.75,10,3.8,2008,560.6
42,2018,12809107.0,2.75,10,3.8,2768,427.22
44,2018,1059338.0,2.75,10,3.8,91,561.84
45,2018,5091702.0,2.75,10,3.8,2856,389.66
46,2018,879386.0,2.75,10,3.8,457,383.83
47,2018,6778180.0,2.75,10,3.8,3956,383.41
48,2018,28624564.0,2.75,10,3.8,13241,329.84
49,2018,3155153.0,2.75,10,3.8,2146,481.57
50,2018,624802.0,2.75,10,3.8,286,477.36
51,2018,8510920.0,2.75,10,3.8,2415,460.54
53,2018,7526793.0,2.75,10,3.8,3606,628.92
54,2018,1805953.0,2.75,10,3.8,221,228.7
55,2018,5809319.0,2.75,10,3.8,1638,356.21
56,2018,579054.0,2.75,10,3.8,172,317.38
1,2019,4907965.0,3.0,1,4.0,1169,324.76
2,2019,733603.0,3.0,1,4.0,90,328.56
4,2019,7291843.0,3.0,1,4.0,2641,415.0
5,2019,3020985.0,3.0,1,4.0,643,288.0
6,2019,39437610.0,3.0,1,4.0,9373,647.55
8,2019,5758486.0,3.0,1,4.0,3026,568.32
9,2019,3566022.0,3.0,1,4.0,278,400.05
10,2019,976668.0,3.0,1,4.0,604,465.27
11,2019,708253.0,3.0,1,4.0,591,880.12
12,2019,21492056.0,3.0,1,4.0,11190,460.07
13,2019,10628020.0,3.0,1,4.0,4045,370.97
15,2019,1415615.0,3.0,1,4.0,432,633.09
16,2019,1789060.0,3.0,1,4.0,880,433.57
17,2019,12667017.0,3.0,1,4.0,1296,344.97
18,2019,6731010.0,3.0,1,4.0,1528,304.72
19,2019,3159596.0,3.0,1,4.0,425,300.1
20,2019,2912635.0,3.0,1,4.0,428,288.71
21,2019,4472345.0,3.0,1,4.0,935,347.46
22,2019,4658285.0,3.0,1,4.0,1133,285.86
23,2019,1345770.0,3.0,1,4.0,357,544.85
24,2019,6054954.0,3.0,1,4.0,1743,473.21
25,2019,6894883.0,3.0,1,4.0,819,800.08
26,2019,9984795.0,3.0,1,4.0,1187,339.89
27,2019,5640053.0,3.0,1,4.0,1352,400.84
28,2019,2978227.0,3.0,1,4.0,623,272.35
29,2019,6140475.0,3.0,1,4.0,1098,333.61
30,2019,1070123.0,3.0,1,4.0,280,466.07
31,2019,1932571.0,3.0,1,4.0,621,332.13
32,2019,3090771.0,3.0,1,4.0,1204,395.83
33,2019,1360783.0,3.0,1,4.0,338,481.31
34,2019,8891258.0,3.0,1,4.0,1778,523.08
35,2019,2099634.0,3.0,1,4.0,349,328.48
36,2019,19463131.0,3.0,1,4.0,4036,686.14
37,2019,10501384.0,3.0,1,4.0,4219,387.82
38,2019,763724.0,3.0,1,4.0,45,367.5
39,2019,11696507.0,3.0,1,4.0,1095,296.54
40,2019,3960676.0,3.0,1,4.0,740,246.47
41,2019,4216116.0,3.0,1,4.0,1255,567.19
42,2019,12798883.0,3.0,1,4.0,1353,431.87
44,2019,1058158.0,3.0,1,4.0,67,566.62
45,2019,5157702.0,3.0,1,4.0,3483,394.61
46,2019,887127.0,3.0,1,4.0,182,385.86
47,2019,6830325.0,3.0,1,4.0,2733,387.2
48,2019,28986794.0,3.0,1,4.0,14258,333.77
49,2019,3203383.0,3.0,1,4.0,1594,489.68
50,2019,624046.0,3.0,1,4.0,73,482.74
51,2019,8556642.0,3.0,1,4.0,2859,465.48
53,2019,7614024.0,3.0,1,4.0,2875,637.33
54,2019,1795263.0,3.0,1,4.0,287,229.42
55,2019,5824581.0,3.0,1,4.0,726,359.79
56,2019,580116.0,3.0,1,4.0,103,316.78
1,2019,4907965.0,3.0,4,3.7,1500,329.29
2,2019,733603.0,3.0,4,3.7,150,333.38
4,2019,7291843.0,3.0,4,3.7,4590,423.07
5,2019,3020985.0,3.0,4,3.7,758,291.57
6,2019,39437610.0,3.0,4,3.7,9045,654.05
8,2019,5758486.0,3.0,4,3.7,3593,577.06
9,2019,3566022.0,3.0,4,3.7,721,406.49
10,2019,976668.0,3.0,4,3.7,413,471.91
11,2019,708253.0,3.0,4,3.7,473,887.19
12,2019,21492056.0,3.0,4,3.7,14518,465.93
13,2019,10628020.0,3.0,4,3.7,4440,378.3
15,2019,1415615.0,3.0,4,3.7,153,635.48
16,2019,1789060.0,3.0,4,3.7,1365,448.67
17,2019,12667017.0,3.0,4,3.7,3378,349.82
18,2019,6731010.0,3.0,4,3.7,2130,310.25
19,2019,3159596.0,3.0,4,3.7,1000,303.8
20,2019,2912635.0,3.0,4,3.7,869,294.13
21,2019,4472345.0,3.0,4,3.7,1245,352.95
22,2019,4658285.0,3.0,4,3.7,1442,288.51
23,2019,1345770.0,3.0,4,3.7,318,558.22
24,2019,6054954.0,3.0,4,3.7,1805,480.78
25,2019,6894883.0,3.0,4,3.7,1021,811.85
26,2019,9984795.0,3.0,4,3.7,2035,346.77
27,2019,5640053.0,3.0,4,3.7,2570,408.48
28,2019,2978227.0,3.0,4,3.7,593,275.67
29,2019,6140475.0,3.0,4,3.7,1107,339.86
30,2019,1070123.0,3.0,4,3.7,413,475.68
31,2019,1932571.0,3.0,4,3.7,734,339.5
32,2019,3090771.0,3.0,4,3.7,1310,401.68
33,2019,1360783.0,3.0,4,3.7,280,490.76
34,2019,8891258.0,3.0,4,3.7,1900,530.74
35,2019,2099634.0,3.0,4,3.7,484,336.24
36,2019,19463131.0,3.0,4,3.7,3752,697.59
37,2019,10501384.0,3.0,4,3.7,5588,394.72
38,2019,763724.0,3.0,4,3.7,281,372.61
39,2019,11696507.0,3.0,4,3.7,2133,302.87
40,2019,3960676.0,3.0,4,3.7,904,248.34
41,2019,4216116.0,3.0,4,3.7,1820,576.55
42,2019,12798883.0,3.0,4,3.7,1936,439.91
44,2019,1058158.0,3.0,4,3.7,86,577.32
45,2019,5157702.0,3.0,4,3.7,3114,402.61
46,2019,887127.0,3.0,4,3.7,450,391.65
47,2019,6830325.0,3.0,4,3.7,2948,394.73
48,2019,28986794.0,3.0,4,3.7,15895,339.85
49,2019,3203383.0,3.0,4,3.7,2608,499.78
50,2019,624046.0,3.0,4,3.7,179,492.75
51,2019,8556642.0,3.0,4,3.7,3186,474.66
53,2019,7614024.0,3.0,4,3.7,5077,650.1
54,2019,1795263.0,3.0,4,3.7,227,232.65
55,2019,5824581.0,3.0,4,3.7,1967,366.18
56,2019,580116.0,3.0,4,3.7,207,325.31
1,2019,4907965.0,3.0,7,3.6,1556,333.92
2,2019,733603.0,3.0,7,3.6,182,335.87
4,2019,7291843.0,3.0,7,3.6,3918,429.47
5,2019,3020985.0,3.0,7,3.6,996,294.85
6,2019,39437610.0,3.0,7,3.6,9924,660.81
8,2019,5758486.0,3.0,7,3.6,3848,582.26
9,2019,3566022.0,3.0,7,3.6,435,411.07
10,2019,976668.0,3.0,7,3.6,624,477.52
11,2019,708253.0,3.0,7,3.6,997,900.92
12,2019,21492056.0,3.0,7,3.6,13109,473.66
13,2019,10628020.0,3.0,7,3.6,4151,383.65
15,2019,1415615.0,3.0,7,3.6,270,641.46
16,2019,1789060.0,3.0,7,3.6,1671,458.6
17,2019,12667017.0,3.0,7,3.6,2095,353.17
18,2019,6731010.0,3.0,7,3.6,1861,314.89
19,2019,3159596.0,3.0,7,3.6,1042,306.78
20,2019,2912635.0,3.0,7,3.6,622,297.96
21,2019,4472345.0,3.0,7,3.6,1320,358.29
22,2019,4658285.0,3.0,7,3.6,1454,290.74
23,2019,1345770.0,3.0,7,3.6,466,565.32
24,2019,6054954.0,3.0,7,3.6,1279,485.97
25,2019,6894883.0,3.0,7,3.6,1289,821.26
26,2019,9984795.0,3.0,7,3.6,1890,350.86
27,2019,5640053.0,3.0,7,3.6,2383,413.23
28,2019,2978227.0,3.0,7,3.6,679,279.35
29,2019,6140475.0,3.0,7,3.6,1307,343.76
30,2019,1070123.0,3.0,7,3.6,319,483.04
31,2019,1932571.0,3.0,7,3.6,416,342.27
32,2019,3090771.0,3.0,7,3.6,1865,405.22
33,2019,1360783.0,3.0,7,3.6,353,497.68
34,2019,8891258.0,3.0,7,3.6,2502,538.7
35,2019,2099634.0,3.0,7,3.6,484,342.32
36,2019,19463131.0,3.0,7,3.6,3694,707.48
37,2019,10501384.0,3.0,7,3.6,5746,399.19
38,2019,763724.0,3.0,7,3.6,288,375.15
39,2019,11696507.0,3.0,7,3.6,1839,307.34
40,2019,3960676.0,3.0,7,3.6,1107,252.84
41,2019,4216116.0,3.0,7,3.6,1749,583.28
42,2019,12798883.0,3.0,7,3.6,2146,445.73
44,2019,1058158.0,3.0,7,3.6,113,584.12
45,2019,5157702.0,3.0,7,3.6,3091,407.8
46,2019,887127.0,3.0,7,3.6,414,396.51
47,2019,6830325.0,3.0,7,3.6,3696,400.61
48,2019,28986794.0,3.0,7,3.6,17515,343.96
49,2019,3203383.0,3.0,7,3.6,2207,507.66
50,2019,624046.0,3.0,7,3.6,131,499.71
51,2019,8556642.0,3.0,7,3.6,3263,479.7
53,2019,7614024.0,3.0,7,3.6,4428,658.33
54,2019,1795263.0,3.0,7,3.6,323,234.58
55,2019,5824581.0,3.0,7,3.6,1547,370.89
56,2019,580116.0,3.0,7,3.6,173,330.08
1,2019,4907965.0,2.25,10,3.6,1403,337.94
2,2019,733603.0,2.25,10,3.6,130,335.41
4,2019,7291843.0,2.25,10,3.6,4032,436.69
5,2019,3020985.0,2.25,10,3.6,951,298.09
6,2019,39437610.0,2.25,10,3.6,10176,664.95
8,2019,5758486.0,2.25,10,3.6,4219,587.02
9,2019,3566022.0,2.25,10,3.6,1136,413.49
10,2019,976668.0,2.25,10,3.6,519,481.0
11,2019,708253.0,2.25,10,3.6,773,907.38
12,2019,21492056.0,2.25,10,3.6,15381,479.78
13,2019,10628020.0,2.25,10,3.6,5876,387.47
15,2019,1415615.0,2.25,10,3.6,672,647.59
16,2019,1789060.0,2.25,10,3.6,1610,469.26
17,2019,12667017.0,2.25,10,3.6,1746,354.9
18,2019,6731010.0,2.25,10,3.6,1960,318.23
19,2019,3159596.0,2.25,10,3.6,1699,308.86
20,2019,2912635.0,2.25,10,3.6,893,299.84
21,2019,4472345.0,2.25,10,3.6,1265,360.75
22,2019,4658285.0,2.25,10,3.6,1489,293.04
23,2019,1345770.0,2.25,10,3.6,439,573.1
24,2019,6054954.0,2.25,10,3.6,1522,487.68
25,2019,6894883.0,2.25,10,3.6,1195,828.81
26,2019,9984795.0,2.25,10,3.6,2298,353.19
27,2019,5640053.0,2.25,10,3.6,3547,415.47
28,2019,2978227.0,2.25,10,3.6,668,280.45
29,2019,6140475.0,2.25,10,3.6,1808,348.37
30,2019,1070123.0,2.25,10,3.6,268,489.24
31,2019,1932571.0,2.25,10,3.6,610,344.3
32,2019,3090771.0,2.25,10,3.6,1699,408.08
33,2019,1360783.0,2.25,10,3.6,252,503.71
34,2019,8891258.0,2.25,10,3.6,3786,542.44
35,2019,2099634.0,2.25,10,3.6,598,345.14
36,2019,19463131.0,2.25,10,3.6,3976,715.36
37,2019,10501384.0,2.25,10,3.6,6325,404.74
38,2019,763724.0,2.25,10,3.6,203,377.21
39,2019,11696507.0,2.25,10,3.6,1870,310.15
40,2019,3960676.0,2.25,10,3.6,1072,254.85
41,2019,4216116.0,2.25,10,3.6,2405,588.77
42,2019,12798883.0,2.25,10,3.6,1903,448.7
44,2019,1058158.0,2.25,10,3.6,102,591.38
45,2019,5157702.0,2.25,10,3.6,3044,412.2
46,2019,887127.0,2.25,10,3.6,688,401.18
47,2019,6830325.0,2.25,10,3.6,4778,405.65
48,2019,28986794.0,2.25,10,3.6,19861,346.5
49,2019,3203383.0,2.25,10,3.6,2869,515.2
50,2019,624046.0,2.25,10,3.6,145,501.78
51,2019,8556642.0,2.25,10,3.6,1933,483.29
53,2019,7614024.0,2.25,10,3.6,3768,665.6
54,2019,1795263.0,2.25,10,3.6,242,237.55
55,2019,5824581.0,2.25,10,3.6,1763,373.16
56,2019,580116.0,2.25,10,3.6,162,334.2
